Date,Ticker,Type,Price
2024-12-02,AAPL,Close,241.7466278076172
2024-12-02,AAPL,High,243.52857697582414
2024-12-02,AAPL,Low,240.99005511798387
2024-12-02,AAPL,Open,242.89145913453095
2024-12-02,AAPL,Volume,76904500.0
2024-12-02,AMZN,Close,227.02999877929688
2024-12-02,AMZN,High,227.14999389648438
2024-12-02,AMZN,Low,217.3000030517578
2024-12-02,AMZN,Open,218.02999877929688
2024-12-02,AMZN,Volume,85318300.0
2024-12-02,GOOG,Close,175.72091674804688
2024-12-02,GOOG,High,176.93560158154014
2024-12-02,GOOG,Low,172.7937259260974
2024-12-02,GOOG,Open,176.54730168836088
2024-12-02,GOOG,Volume,29465000.0
2024-12-02,MSFT,Close,440.32183837890625
2024-12-02,MSFT,High,442.8333105145372
2024-12-02,MSFT,Low,432.9760330658995
2024-12-02,MSFT,Open,434.7132181876155
2024-12-02,MSFT,Volume,40518800.0
2024-12-02,NVDA,Close,142.39125061035156
2024-12-02,NVDA,High,146.48983818312107
2024-12-02,NVDA,Low,141.2616324855157
2024-12-02,NVDA,Open,145.06033493980362
2024-12-02,NVDA,Volume,361126800.0
2024-12-09,AAPL,Close,247.0128173828125
2024-12-09,AAPL,High,249.6707940770443
2024-12-09,AAPL,Low,240.661538013097
2024-12-09,AAPL,Open,240.74117964166157
2024-12-09,AAPL,Volume,192702600.0
2024-12-09,AMZN,Close,227.4600067138672
2024-12-09,AMZN,High,231.1999969482422
2024-12-09,AMZN,Low,224.1999969482422
2024-12-09,AMZN,Open,227.2100067138672
2024-12-09,AMZN,Volume,170377300.0
2024-12-09,GOOG,Close,190.54605102539062
2024-12-09,GOOG,High,196.0320352853036
2024-12-09,GOOG,Low,174.63567423001078
2024-12-09,GOOG,Open,174.94930402278914
2024-12-09,GOOG,Volume,139950700.0
2024-12-09,MSFT,Close,443.9947204589844
2024-12-09,MSFT,High,452.8196353105566
2024-12-09,MSFT,Low,437.27430671903244
2024-12-09,MSFT,Open,439.3589348984207
2024-12-09,MSFT,Volume,97826700.0
2024-12-09,NVDA,Close,134.21328735351562
2024-12-09,NVDA,High,141.78122454735987
2024-12-09,NVDA,Low,132.50374826625531
2024-12-09,NVDA,Open,138.93199782013144
2024-12-09,NVDA,Volume,974961000.0
2024-12-16,AAPL,Close,253.34420776367188
2024-12-16,AAPL,High,253.85190610745477
2024-12-16,AAPL,Low,244.58382522076937
2024-12-16,AAPL,Open,246.8734729021093
2024-12-16,AAPL,Volume,368202900.0
2024-12-16,AMZN,Close,224.9199981689453
2024-12-16,AMZN,High,233.0
2024-12-16,AMZN,Low,218.72999572753906
2024-12-16,AMZN,Open,230.22999572753906
2024-12-16,AMZN,Volume,244979500.0
2024-12-16,GOOG,Close,192.33712768554688
2024-12-16,GOOG,High,202.22510388825347
2024-12-16,GOOG,Low,185.76838878723544
2024-12-16,GOOG,Open,193.73759109873683
2024-12-16,GOOG,Volume,156317400.0
2024-12-16,MSFT,Close,433.40289306640625
2024-12-16,MSFT,High,451.95603327777656
2024-12-16,MSFT,Low,425.4912541783927
2024-12-16,MSFT,Open,443.9947423508389
2024-12-16,MSFT,Volume,158004200.0
2024-12-16,NVDA,Close,134.6631622314453
2024-12-16,NVDA,High,136.66261531655843
2024-12-16,NVDA,Low,126.82530979890983
2024-12-16,NVDA,Open,134.1433001580233
2024-12-16,NVDA,Volume,1291053700.0
2024-12-23,AAPL,Close,254.43922424316406
2024-12-23,AAPL,High,258.92892807561645
2024-12-23,AAPL,Low,251.92061656694878
2024-12-23,AAPL,Open,253.62292412186488
2024-12-23,AAPL,Volume,133685900.0
2024-12-23,AMZN,Close,223.75
2024-12-23,AMZN,High,229.13999938964844
2024-12-23,AMZN,Low,220.89999389648438
2024-12-23,AMZN,Open,225.00999450683594
2024-12-23,AMZN,Volume,86591300.0
2024-12-23,GOOG,Close,193.4136199951172
2024-12-23,GOOG,High,197.52033071871531
2024-12-23,GOOG,Low,191.0114111857967
2024-12-23,GOOG,Open,193.40365775117732
2024-12-23,GOOG,Volume,44646600.0
2024-12-23,MSFT,Close,427.3773193359375
2024-12-23,MSFT,High,437.71109275940177
2024-12-23,MSFT,Low,423.2279358558446
2024-12-23,MSFT,Open,433.5418363468204
2024-12-23,MSFT,Volume,52628900.0
2024-12-23,NVDA,Close,136.97251892089844
2024-12-23,NVDA,High,141.86118077606247
2024-12-23,NVDA,Low,134.6731602308685
2024-12-23,NVDA,Open,136.2427228650528
2024-12-23,NVDA,Volume,567998700.0
2024-12-30,AAPL,Close,242.26431274414062
2024-12-30,AAPL,High,252.35865847555942
2024-12-30,AAPL,Low,240.73125302126155
2024-12-30,AAPL,Open,251.09437218579032
2024-12-30,AAPL,Volume,171023000.0
2024-12-30,AMZN,Close,224.19000244140625
2024-12-30,AMZN,High,225.36000061035156
2024-12-30,AMZN,Low,218.19000244140625
2024-12-30,AMZN,Open,220.05999755859375
2024-12-30,AMZN,Volume,114613100.0
2024-12-30,GOOG,Close,192.50656127929688
2024-12-30,GOOG,High,193.87213391074388
2024-12-30,GOOG,Low,188.10083132096779
2024-12-30,GOOG,Open,190.24887354162246
2024-12-30,GOOG,Volume,56984900.0
2024-12-30,MSFT,Close,420.24993896484375
2024-12-30,MSFT,High,424.419165428052
2024-12-30,MSFT,Low,411.812181955983
2024-12-30,MSFT,Open,422.9400859523777
2024-12-30,MSFT,Volume,59964600.0
2024-12-30,NVDA,Close,144.4304962158203
2024-12-30,NVDA,High,144.86037131104774
2024-12-30,NVDA,Low,133.79340631066202
2024-12-30,NVDA,Open,134.7931328628559
2024-12-30,NVDA,Volume,750963600.0
2025-01-06,AAPL,Close,235.78363037109375
2025-01-06,AAPL,High,246.2164417505993
2025-01-06,AAPL,Low,231.95095824677452
2025-01-06,AAPL,Open,243.2100345192402
2025-01-06,AAPL,Volume,185241400.0
2025-01-06,AMZN,Close,218.94000244140625
2025-01-06,AMZN,High,228.83999633789062
2025-01-06,AMZN,Low,216.5
2025-01-06,AMZN,Open,226.77999877929688
2025-01-06,AMZN,Volume,121778800.0
2025-01-06,GOOG,Close,192.5464324951172
2025-01-06,GOOG,High,201.48747795194163
2025-01-06,GOOG,Low,190.98150846908007
2025-01-06,GOOG,Open,194.5200366640202
2025-01-06,GOOG,Volume,71539200.0
2025-01-06,MSFT,Close,415.8821105957031
2025-01-06,MSFT,High,431.13955378208215
2025-01-06,MSFT,Low,411.98086631184646
2025-01-06,MSFT,Open,424.86582682566063
2025-01-06,MSFT,Volume,73968400.0
2025-01-06,NVDA,Close,135.8728485107422
2025-01-06,NVDA,High,153.08814211806396
2025-01-06,NVDA,Low,134.18330808313058
2025-01-06,NVDA,Open,148.54937472316894
2025-01-06,NVDA,Volume,1052112000.0
2025-01-13,AAPL,Close,228.9445343017578
2025-01-13,AAPL,High,237.8841137064172
2025-01-13,AAPL,Low,227.0033170154767
2025-01-13,AAPL,Open,232.47855382760125
2025-01-13,AAPL,Volume,269145400.0
2025-01-13,AMZN,Close,225.94000244140625
2025-01-13,AMZN,High,226.50999450683594
2025-01-13,AMZN,Low,216.1999969482422
2025-01-13,AMZN,Open,218.05999755859375
2025-01-13,AMZN,Volume,150393100.0
2025-01-13,GOOG,Close,196.9123077392578
2025-01-13,GOOG,High,198.16823495893416
2025-01-13,GOOG,Low,188.05100544326328
2025-01-13,GOOG,Open,190.73232450364702
2025-01-13,GOOG,Volume,75273900.0
2025-01-13,MSFT,Close,425.8883361816406
2025-01-13,MSFT,High,431.29843952552403
2025-01-13,MSFT,Low,407.71241743957876
2025-01-13,MSFT,Open,412.19930788096787
2025-01-13,MSFT,Volume,95676000.0
2025-01-13,NVDA,Close,137.67234802246094
2025-01-13,NVDA,High,138.71205690815574
2025-01-13,NVDA,Low,129.4745782213129
2025-01-13,NVDA,Open,129.95445794204866
2025-01-13,NVDA,Volume,996041100.0
2025-01-20,AAPL,Close,221.77694702148438
2025-01-20,AAPL,High,226.00781168620264
2025-01-20,AAPL,Low,218.3922613657447
2025-01-20,AAPL,Open,222.99145526985754
2025-01-20,AAPL,Volume,277129600.0
2025-01-20,AMZN,Close,234.85000610351562
2025-01-20,AMZN,High,236.39999389648438
2025-01-20,AMZN,Low,226.94000244140625
2025-01-20,AMZN,Open,228.89999389648438
2025-01-20,AMZN,Volume,133694800.0
2025-01-20,GOOG,Close,201.2482452392578
2025-01-20,GOOG,High,203.18198520406958
2025-01-20,GOOG,Low,196.184657253061
2025-01-20,GOOG,Open,199.86273287419152
2025-01-20,GOOG,Volume,62385800.0
2025-01-20,MSFT,Close,440.8082275390625
2025-01-20,MSFT,High,443.99471281471904
2025-01-20,MSFT,Low,422.483415219922
2025-01-20,MSFT,Open,427.0497363213674
2025-01-20,MSFT,Volume,87828300.0
2025-01-20,NVDA,Close,142.5810089111328
2025-01-20,NVDA,High,148.92927919460303
2025-01-20,NVDA,Low,137.05252179695495
2025-01-20,NVDA,Open,139.1219632697164
2025-01-20,NVDA,Volume,825973500.0
2025-01-27,AAPL,Close,234.93743896484375
2025-01-27,AAPL,High,246.07705979363328
2025-01-27,AAPL,Low,222.97155328637572
2025-01-27,AAPL,Open,223.01138169773444
2025-01-27,AAPL,Volume,372675200.0
2025-01-27,AMZN,Close,237.67999267578125
2025-01-27,AMZN,High,241.77000427246094
2025-01-27,AMZN,Low,225.86000061035156
2025-01-27,AMZN,Open,226.2100067138672
2025-01-27,AMZN,Volume,185238100.0
2025-01-27,GOOG,Close,204.9363250732422
2025-01-27,GOOG,High,206.4115433442633
2025-01-27,GOOG,Low,191.98825158383798
2025-01-27,GOOG,Open,193.5631531366245
2025-01-27,GOOG,Volume,84829000.0
2025-01-27,MSFT,Close,412.0206298828125
2025-01-27,MSFT,High,445.09664416069165
2025-01-27,MSFT,Low,410.1345491074844
2025-01-27,MSFT,Open,420.9051036665799
2025-01-27,MSFT,Volume,171469100.0
2025-01-27,NVDA,Close,120.03717041015625
2025-01-27,NVDA,High,128.96472909358764
2025-01-27,NVDA,Low,116.218215171547
2025-01-27,NVDA,Open,124.76588049960354
2025-01-27,NVDA,Volume,2646704500.0
2025-02-03,AAPL,Close,226.60511779785156
2025-02-03,AAPL,High,232.94643248808816
2025-02-03,AAPL,Low,224.68379957976668
2025-02-03,AAPL,Open,228.95449268183066
2025-02-03,AAPL,Volume,227383400.0
2025-02-03,AMZN,Close,229.14999389648438
2025-02-03,AMZN,High,242.52000427246094
2025-02-03,AMZN,Low,228.05999755859375
2025-02-03,AMZN,Open,234.05999755859375
2025-02-03,AMZN,Volume,244163400.0
2025-02-03,GOOG,Close,186.53590393066406
2025-02-03,GOOG,High,208.02630494836149
2025-02-03,GOOG,Low,184.50249582506203
2025-02-03,GOOG,Open,201.5622381812984
2025-02-03,GOOG,Volume,139053600.0
2025-02-03,MSFT,Close,406.7494812011719
2025-02-03,MSFT,High,415.58430218979566
2025-02-03,MSFT,Low,405.1115698860282
2025-02-03,MSFT,Open,408.5859400732255
2025-02-03,MSFT,Volume,101724500.0
2025-02-03,NVDA,Close,129.8044891357422
2025-02-03,NVDA,High,130.3343429768511
2025-02-03,NVDA,Low,112.97909741423553
2025-02-03,NVDA,Open,114.71861944268751
2025-02-03,NVDA,Volume,1369686400.0
2025-02-10,AAPL,Close,243.49871826171875
2025-02-10,AAPL,High,244.44443794069383
2025-02-10,AAPL,Low,226.17705096274824
2025-02-10,AAPL,Open,228.5363905965054
2025-02-10,AAPL,Volume,226587600.0
2025-02-10,AMZN,Close,228.67999267578125
2025-02-10,AMZN,High,233.9199981689453
2025-02-10,AMZN,Low,227.22999572753906
2025-02-10,AMZN,Open,230.5500030517578
2025-02-10,AMZN,Volume,149796400.0
2025-02-10,GOOG,Close,186.2667694091797
2025-02-10,GOOG,High,189.37670823532366
2025-02-10,GOOG,Low,183.0372380256322
2025-02-10,GOOG,Open,188.4497024129674
2025-02-10,GOOG,Volume,72709900.0
2025-02-10,MSFT,Close,405.43914794921875
2025-02-10,MSFT,High,412.41766756402274
2025-02-10,MSFT,Low,401.40888087689126
2025-02-10,MSFT,Open,410.68048243649866
2025-02-10,MSFT,Volume,104730400.0
2025-02-10,NVDA,Close,138.81202697753906
2025-02-10,NVDA,High,139.21191146517995
2025-02-10,NVDA,Low,129.04469505802552
2025-02-10,NVDA,Open,130.05441330481878
2025-02-10,NVDA,Volume,949079700.0
2025-02-17,AAPL,Close,244.71319580078125
2025-02-17,AAPL,High,247.84249441981407
2025-02-17,AAPL,Low,241.0158323794441
2025-02-17,AAPL,Open,243.31795772185887
2025-02-17,AAPL,Volume,166541000.0
2025-02-17,AMZN,Close,216.5800018310547
2025-02-17,AMZN,High,229.3000030517578
2025-02-17,AMZN,Low,214.74000549316406
2025-02-17,AMZN,Open,228.82000732421875
2025-02-17,AMZN,Volume,156867400.0
2025-02-17,GOOG,Close,180.99383544921875
2025-02-17,GOOG,High,187.17381791490837
2025-02-17,GOOG,Low,180.5452911558963
2025-02-17,GOOG,Open,186.8349191341342
2025-02-17,GOOG,Volume,64501100.0
2025-02-17,MSFT,Close,405.22076416015625
2025-02-17,MSFT,High,416.2394874878629
2025-02-17,MSFT,Low,403.5232945767584
2025-02-17,MSFT,Open,405.0123104239051
2025-02-17,MSFT,Volume,96570800.0
2025-02-17,NVDA,Close,134.3932342529297
2025-02-17,NVDA,High,143.40078032914826
2025-02-17,NVDA,Low,133.99334973043614
2025-02-17,NVDA,Open,141.23137552265646
2025-02-17,NVDA,Volume,758833800.0
2025-02-24,AAPL,Close,241.01583862304688
2025-02-24,AAPL,High,249.1480341058926
2025-02-24,AAPL,Low,229.41550676334808
2025-02-24,AAPL,Open,244.09530467496631
2025-02-24,AAPL,Volume,241760300.0
2025-02-24,AMZN,Close,212.27999877929688
2025-02-24,AMZN,High,219.97000122070312
2025-02-24,AMZN,Low,204.16000366210938
2025-02-24,AMZN,Open,217.4499969482422
2025-02-24,AMZN,Volume,232786500.0
2025-02-24,GOOG,Close,171.6640625
2025-02-24,GOOG,High,184.49251233458273
2025-02-24,GOOG,Low,167.84642419410588
2025-02-24,GOOG,Open,183.2066832408325
2025-02-24,GOOG,Volume,119184000.0
2025-02-24,MSFT,Close,394.87310791015625
2025-02-24,MSFT,High,407.1870985000273
2025-02-24,MSFT,Low,384.50868780557136
2025-02-24,MSFT,Open,406.3316988756483
2025-02-24,MSFT,Volume,129423200.0
2025-02-24,NVDA,Close,124.8858413696289
2025-02-24,NVDA,High,138.55210175926783
2025-02-24,NVDA,Low,116.36817434407594
2025-02-24,NVDA,Open,136.52265804130565
2025-02-24,NVDA,Volume,1677630500.0
2025-03-03,AAPL,Close,238.2552947998047
2025-03-03,AAPL,High,243.19838339364702
2025-03-03,AAPL,Low,228.44881639609187
2025-03-03,AAPL,Open,240.96601148258915
2025-03-03,AAPL,Volume,239653700.0
2025-03-03,AMZN,Close,199.25
2025-03-03,AMZN,High,214.00999450683594
2025-03-03,AMZN,Low,192.52999877929688
2025-03-03,AMZN,Open,213.35000610351562
2025-03-03,AMZN,Volume,252078200.0
2025-03-03,GOOG,Close,175.1826629638672
2025-03-03,GOOG,High,176.32894457512367
2025-03-03,GOOG,Low,166.9991589007862
2025-03-03,GOOG,Open,173.16917944951103
2025-03-03,GOOG,Volume,109159100.0
2025-03-03,MSFT,Close,391.2127685546875
2025-03-03,MSFT,High,400.00562778233603
2025-03-03,MSFT,Low,378.96841103595585
2025-03-03,MSFT,Open,396.6933975459513
2025-03-03,MSFT,Volume,121122400.0
2025-03-03,NVDA,Close,112.65918731689453
2025-03-03,NVDA,High,123.66617113649778
2025-03-03,NVDA,Low,107.5305852358904
2025-03-03,NVDA,Open,123.47622827864049
2025-03-03,NVDA,Volume,1756820000.0
2025-03-10,AAPL,Close,212.76246643066406
2025-03-10,AAPL,High,235.3552089492729
2025-03-10,AAPL,Low,207.70973686315813
2025-03-10,AAPL,Open,234.73731146737134
2025-03-10,AAPL,Volume,332232000.0
2025-03-10,AMZN,Close,197.9499969482422
2025-03-10,AMZN,High,201.52000427246094
2025-03-10,AMZN,Low,190.85000610351562
2025-03-10,AMZN,Open,195.60000610351562
2025-03-10,AMZN,Volume,239400600.0
2025-03-10,GOOG,Close,167.07888793945312
2025-03-10,GOOG,High,169.89975402090516
2025-03-10,GOOG,Low,162.71303770149936
2025-03-10,GOOG,Open,169.61069688471386
2025-03-10,GOOG,Volume,106394000.0
2025-03-10,MSFT,Close,386.4880676269531
2025-03-10,MSFT,High,388.1491759928466
2025-03-10,MSFT,Low,374.9001953364221
2025-03-10,MSFT,Open,383.78257034895813
2025-03-10,MSFT,Volume,127899700.0
2025-03-10,NVDA,Close,121.63673400878906
2025-03-10,NVDA,High,121.84667568023235
2025-03-10,NVDA,Low,104.74135288535824
2025-03-10,NVDA,Open,109.86995524243233
2025-03-10,NVDA,Volume,1621837200.0
2025-03-17,AAPL,Close,217.5261688232422
2025-03-17,AAPL,High,218.09421843072647
2025-03-17,AAPL,Low,209.25445108956598
2025-03-17,AAPL,Open,212.58306515949604
2025-03-17,AAPL,Volume,287881900.0
2025-03-17,AMZN,Close,196.2100067138672
2025-03-17,AMZN,High,199.32000732421875
2025-03-17,AMZN,Low,189.3800048828125
2025-03-17,AMZN,Open,198.77000427246094
2025-03-17,AMZN,Volume,226177600.0
2025-03-17,GOOG,Close,165.90211486816406
2025-03-17,GOOG,High,168.1074970498387
2025-03-17,GOOG,Low,158.4677073525265
2025-03-17,GOOG,Open,166.97486233998484
2025-03-17,GOOG,Volume,117275200.0
2025-03-17,MSFT,Close,389.1736755371094
2025-03-17,MSFT,High,390.61592542072003
2025-03-17,MSFT,Low,379.0678485423645
2025-03-17,MSFT,Open,384.637993468857
2025-03-17,MSFT,Volume,119293100.0
2025-03-17,NVDA,Close,117.67863464355469
2025-03-17,NVDA,High,122.86769511031049
2025-03-17,NVDA,Low,114.51921214354853
2025-03-17,NVDA,Open,122.71772080939661
2025-03-17,NVDA,Volume,1343942800.0
2025-03-24,AAPL,Close,217.1574249267578
2025-03-24,AAPL,High,224.25317142518767
2025-03-24,AAPL,Low,216.93817343567548
2025-03-24,AAPL,Open,220.24686669616187
2025-03-24,AAPL,Volume,190172600.0
2025-03-24,AMZN,Close,192.72000122070312
2025-03-24,AMZN,High,206.2100067138672
2025-03-24,AMZN,Low,191.8800048828125
2025-03-24,AMZN,Open,200.0
2025-03-24,AMZN,Volume,185517800.0
2025-03-24,GOOG,Close,155.7334442138672
2025-03-24,GOOG,High,172.54819191716592
2025-03-24,GOOG,Low,155.01395983965068
2025-03-24,GOOG,Open,168.91081476475713
2025-03-24,GOOG,Volume,111520100.0
2025-03-24,MSFT,Close,376.78009033203125
2025-03-24,MSFT,High,394.24645168253187
2025-03-24,MSFT,Low,374.920066699825
2025-03-24,MSFT,Open,393.29157924636905
2025-03-24,MSFT,Volume,88286700.0
2025-03-24,NVDA,Close,109.65010070800781
2025-03-24,NVDA,High,122.1978268089162
2025-03-24,NVDA,Low,109.05021109179135
2025-03-24,NVDA,Open,119.85824738925857
2025-03-24,NVDA,Volume,1156137600.0
2025-03-31,AAPL,Close,187.738037109375
2025-03-31,AAPL,High,224.85111964126602
2025-03-31,AAPL,Low,186.70157274086588
2025-03-31,AAPL,Open,216.2704604831804
2025-03-31,AAPL,Volume,366947800.0
2025-03-31,AMZN,Close,171.0
2025-03-31,AMZN,High,198.33999633789062
2025-03-31,AMZN,Low,166.0
2025-03-31,AMZN,Open,188.19000244140625
2025-03-31,AMZN,Volume,377207100.0
2025-03-31,GOOG,Close,147.4308624267578
2025-03-31,GOOG,High,159.9396216124777
2025-03-31,GOOG,Low,147.23126874135036
2025-03-31,GOOG,Open,154.48606067233297
2025-03-31,GOOG,Volume,139064600.0
2025-03-31,MSFT,Close,357.9211730957031
2025-03-31,MSFT,High,383.02657273318175
2025-03-31,MSFT,Low,357.56310734248
2025-03-31,MSFT,Open,370.55346331838876
2025-03-31,MSFT,Volume,150374700.0
2025-03-31,NVDA,Close,94.29288482666016
2025-03-31,NVDA,High,111.95968436818397
2025-03-31,NVDA,Low,92.09328707213024
2025-03-31,NVDA,Open,105.11092121155868
2025-03-31,NVDA,Volume,1613471100.0
2025-04-07,AAPL,Close,197.47471618652344
2025-04-07,AAPL,High,199.9263394143881
2025-04-07,AAPL,Low,168.63335392882644
2025-04-07,AAPL,Open,176.59611498089373
2025-04-07,AAPL,Volume,675037600.0
2025-04-07,AMZN,Close,184.8699951171875
2025-04-07,AMZN,High,192.64999389648438
2025-04-07,AMZN,Low,161.3800048828125
2025-04-07,AMZN,Open,162.0
2025-04-07,AMZN,Volume,432738100.0
2025-04-07,GOOG,Close,159.0664520263672
2025-04-07,GOOG,High,161.53128481006974
2025-04-07,GOOG,Low,142.36148994671183
2025-04-07,GOOG,Open,143.08995817017646
2025-04-07,GOOG,Volume,187459400.0
2025-04-07,MSFT,Close,386.378662109375
2025-04-07,MSFT,High,391.13317227848484
2025-04-07,MSFT,Low,342.9514687188765
2025-04-07,MSFT,Open,349.0089910855667
2025-04-07,MSFT,Volume,198357200.0
2025-04-07,NVDA,Close,110.90986633300781
2025-04-07,NVDA,High,115.07910764062758
2025-04-07,NVDA,Low,86.60428107778468
2025-04-07,NVDA,Open,87.44412495499881
2025-04-07,NVDA,Volume,2451432700.0
2025-04-14,AAPL,Close,196.3087158203125
2025-04-14,AAPL,High,212.21433309332986
2025-04-14,AAPL,Low,191.71442543866004
2025-04-14,AAPL,Open,210.71944488073305
2025-04-14,AAPL,Volume,264593900.0
2025-04-14,AMZN,Close,172.61000061035156
2025-04-14,AMZN,High,187.44000244140625
2025-04-14,AMZN,Low,171.41000366210938
2025-04-14,AMZN,Open,186.83999633789062
2025-04-14,AMZN,Volume,188246300.0
2025-04-14,GOOG,Close,153.03909301757812
2025-04-14,GOOG,High,163.68676409071185
2025-04-14,GOOG,Low,150.5842338964966
2025-04-14,GOOG,Open,161.97036199265548
2025-04-14,GOOG,Volume,70381600.0
2025-04-14,MSFT,Close,365.81884765625
2025-04-14,MSFT,High,392.5455611342096
2025-04-14,MSFT,Low,364.9336092793292
2025-04-14,MSFT,Open,391.12319375548464
2025-04-14,MSFT,Volume,79539100.0
2025-04-14,NVDA,Close,101.47157287597656
2025-04-14,NVDA,High,114.26925215292954
2025-04-14,NVDA,Low,100.0318394876262
2025-04-14,NVDA,Open,114.08928452588457
2025-04-14,NVDA,Volume,1183206300.0
2025-04-21,AAPL,Close,208.56680297851562
2025-04-21,AAPL,High,209.0352025034097
2025-04-21,AAPL,Low,189.16315269049986
2025-04-21,AAPL,Open,192.61136820466615
2025-04-21,AAPL,Volume,238181400.0
2025-04-21,AMZN,Close,188.99000549316406
2025-04-21,AMZN,High,189.94000244140625
2025-04-21,AMZN,Low,165.2899932861328
2025-04-21,AMZN,Open,169.60000610351562
2025-04-21,AMZN,Volume,248380900.0
2025-04-21,GOOG,Close,163.5071563720703
2025-04-21,GOOG,High,167.8879698596393
2025-04-21,GOOG,Low,148.0894727115065
2025-04-21,GOOG,Open,150.64910798559242
2025-04-21,GOOG,Volume,116569400.0
2025-04-21,MSFT,Close,389.7605285644531
2025-04-21,MSFT,High,390.068873110604
2025-04-21,MSFT,Low,353.77345991797387
2025-04-21,MSFT,Open,360.8853276145898
2025-04-21,MSFT,Volume,102043300.0
2025-04-21,NVDA,Close,110.98986053466797
2025-04-21,NVDA,High,111.89969145813895
2025-04-21,NVDA,Low,95.02275690332931
2025-04-21,NVDA,Open,98.75207586223196
2025-04-21,NVDA,Volume,1248911600.0
2025-04-28,AAPL,Close,204.65020751953125
2025-04-28,AAPL,High,213.82881285925896
2025-04-28,AAPL,Low,201.4710760745947
2025-04-28,AAPL,Open,209.28435501208293
2025-04-28,AAPL,Volume,286233500.0
2025-04-28,AMZN,Close,189.97999572753906
2025-04-28,AMZN,High,192.8800048828125
2025-04-28,AMZN,Low,178.85000610351562
2025-04-28,AMZN,Open,190.11000061035156
2025-04-28,AMZN,Volume,282238000.0
2025-04-28,GOOG,Close,165.46304321289062
2025-04-28,GOOG,High,166.3511802953172
2025-04-28,GOOG,Low,156.82615485807204
2025-04-28,GOOG,Open,163.9162835137809
2025-04-28,GOOG,Volume,96215100.0
2025-04-28,MSFT,Close,432.95892333984375
2025-04-28,MSFT,High,437.0967443095362
2025-04-28,MSFT,Low,382.390024840523
2025-04-28,MSFT,Open,389.86991446563223
2025-04-28,MSFT,Volume,157710000.0
2025-04-28,NVDA,Close,114.4792251586914
2025-04-28,NVDA,High,115.37906338859757
2025-04-28,NVDA,Low,104.06111759069277
2025-04-28,NVDA,Open,109.6701003244293
2025-04-28,NVDA,Volume,1039513700.0
2025-05-05,AAPL,Close,197.8534393310547
2025-05-05,AAPL,High,203.40446493409706
2025-05-05,AAPL,Low,192.59143396878702
2025-05-05,AAPL,Open,202.40787277901924
2025-05-05,AAPL,Volume,275704500.0
2025-05-05,AMZN,Close,193.05999755859375
2025-05-05,AMZN,High,194.69000244140625
2025-05-05,AMZN,Low,183.85000610351562
2025-05-05,AMZN,Open,186.50999450683594
2025-05-05,AMZN,Volume,179186900.0
2025-05-05,GOOG,Close,154.0569610595703
2025-05-05,GOOG,High,166.7503453759075
2025-05-05,GOOG,Low,149.17719410967132
2025-05-05,GOOG,Open,164.17074784992437
2025-05-05,GOOG,Volume,165989500.0
2025-05-05,MSFT,Close,436.3905334472656
2025-05-05,MSFT,High,441.30419389139524
2025-05-05,MSFT,Low,428.8111407265319
2025-05-05,MSFT,Open,430.5617654416427
2025-05-05,MSFT,Volume,97351100.0
2025-05-05,NVDA,Close,116.62882995605469
2025-05-05,NVDA,High,118.658460297629
2025-05-05,NVDA,Low,110.79988625006838
2025-05-05,NVDA,Open,112.88951088889792
2025-05-05,NVDA,Volume,829847900.0
2025-05-12,AAPL,Close,210.5400390625
2025-05-12,AAPL,High,213.21091376620063
2025-05-12,AAPL,Low,206.04541421950742
2025-05-12,AAPL,Open,210.25103404793114
2025-05-12,AAPL,Volume,264778300.0
2025-05-12,AMZN,Close,205.58999633789062
2025-05-12,AMZN,High,214.83999633789062
2025-05-12,AMZN,Low,202.6699981689453
2025-05-12,AMZN,Open,210.7100067138672
2025-05-12,AMZN,Volume,277556600.0
2025-05-12,GOOG,Close,167.0796356201172
2025-05-12,GOOG,High,170.29289879987024
2025-05-12,GOOG,Low,157.25025645753624
2025-05-12,GOOG,Open,158.76708003212468
2025-05-12,GOOG,Volume,147587400.0
2025-05-12,MSFT,Close,451.84765625
2025-05-12,MSFT,High,453.75743146797987
2025-05-12,MSFT,Low,437.43493191242396
2025-05-12,MSFT,Open,443.56208819509834
2025-05-12,MSFT,Volume,112185600.0
2025-05-12,NVDA,Close,135.37542724609375
2025-05-12,NVDA,High,136.32526708518697
2025-05-12,NVDA,Low,120.25817546458347
2025-05-12,NVDA,Open,121.94787127599703
2025-05-12,NVDA,Volume,1289809300.0
2025-05-19,AAPL,Close,194.85975646972656
2025-05-19,AAPL,High,209.03989378620804
2025-05-19,AAPL,Low,193.05356158182016
2025-05-19,AAPL,Open,207.47320015771726
2025-05-19,AAPL,Volume,273024200.0
2025-05-19,AMZN,Close,200.99000549316406
2025-05-19,AMZN,High,206.6199951171875
2025-05-19,AMZN,Low,197.85000610351562
2025-05-19,AMZN,Open,201.64999389648438
2025-05-19,AMZN,Volume,178578500.0
2025-05-19,GOOG,Close,169.23513793945312
2025-05-19,GOOG,High,177.75727695303274
2025-05-19,GOOG,Low,163.91628886477724
2025-05-19,GOOG,Open,165.3682461788755
2025-05-19,GOOG,Volume,170493300.0
2025-05-19,MSFT,Close,448.6015319824219
2025-05-19,MSFT,High,458.63623096108614
2025-05-19,MSFT,Low,447.33599591595265
2025-05-19,MSFT,Open,449.2990897450716
2025-05-19,MSFT,Volume,90904300.0
2025-05-19,NVDA,Close,131.26617431640625
2025-05-19,NVDA,High,137.3750664346639
2025-05-19,NVDA,Low,129.13657112060253
2025-05-19,NVDA,Open,132.36598085397307
2025-05-19,NVDA,Volume,1011442800.0
2025-05-26,AAPL,Close,200.4280242919922
2025-05-26,AAPL,High,203.3817968647285
2025-05-26,AAPL,Low,196.36656797106642
2025-05-26,AAPL,Open,197.88337874521056
2025-05-26,AAPL,Volume,223844900.0
2025-05-26,AMZN,Close,205.00999450683594
2025-05-26,AMZN,High,208.80999755859375
2025-05-26,AMZN,Low,201.6999969482422
2025-05-26,AMZN,Open,203.08999633789062
2025-05-26,AMZN,Volume,149771200.0
2025-05-26,GOOG,Close,172.48831176757812
2025-05-26,GOOG,High,176.11070551864722
2025-05-26,GOOG,Low,168.17234979116824
2025-05-26,GOOG,Open,170.94155214830346
2025-05-26,GOOG,Volume,107773500.0
2025-05-26,MSFT,Close,458.7458190917969
2025-05-26,MSFT,High,460.8982491047115
2025-05-26,MSFT,Low,453.7135381373176
2025-05-26,MSFT,Open,454.8794491316116
2025-05-26,MSFT,Volume,86805900.0
2025-05-26,NVDA,Close,135.10548400878906
2025-05-26,NVDA,High,143.46396760208745
2025-05-26,NVDA,Low,132.8958783257386
2025-05-26,NVDA,Open,134.12565085658414
2025-05-26,NVDA,Volume,1199387500.0
2025-06-02,AAPL,Close,203.49156188964844
2025-06-02,AAPL,High,205.8066948743475
2025-06-02,AAPL,Low,199.69954265106946
2025-06-02,AAPL,Open,199.85921014519982
2025-06-02,AAPL,Volume,227142700.0
2025-06-02,AMZN,Close,213.57000732421875
2025-06-02,AMZN,High,213.8699951171875
2025-06-02,AMZN,Low,202.67999267578125
2025-06-02,AMZN,Open,204.97999572753906
2025-06-02,AMZN,Volume,183864700.0
2025-06-02,GOOG,Close,174.55398559570312
2025-06-02,GOOG,High,175.4620851142868
2025-06-02,GOOG,Low,166.3312219596489
2025-06-02,GOOG,Open,168.6563483620804
2025-06-02,GOOG,Volume,116271800.0
2025-06-02,MSFT,Close,468.7307434082031
2025-06-02,MSFT,High,471.6803564462113
2025-06-02,MSFT,Low,455.2880522106823
2025-06-02,MSFT,Open,455.53717565265606
2025-06-02,MSFT,Volume,81950300.0
2025-06-02,NVDA,Close,141.69427490234375
2025-06-02,NVDA,High,143.9738597952876
2025-06-02,NVDA,Low,135.37541484399472
2025-06-02,NVDA,Open,135.4654101009413
2025-06-02,NVDA,Volume,975746800.0
2025-06-09,AAPL,Close,196.03726196289062
2025-06-09,AAPL,High,205.56720077219026
2025-06-09,AAPL,Low,195.2888376882346
2025-06-09,AAPL,Open,203.96058272019275
2025-06-09,AAPL,Volume,283877000.0
2025-06-09,AMZN,Close,212.10000610351562
2025-06-09,AMZN,High,218.39999389648438
2025-06-09,AMZN,Low,209.6199951171875
2025-06-09,AMZN,Open,214.75
2025-06-09,AMZN,Volume,165709600.0
2025-06-09,GOOG,Close,175.51197814941406
2025-06-09,GOOG,High,182.0632434044649
2025-06-09,GOOG,Low,173.20681423212147
2025-06-09,GOOG,Open,175.50198932909976
2025-06-09,GOOG,Volume,108939100.0
2025-06-09,MSFT,Close,473.2946472167969
2025-06-09,MSFT,High,478.73552480614376
2025-06-09,MSFT,Low,465.3226974823897
2025-06-09,MSFT,Open,468.05311094561506
2025-06-09,MSFT,Volume,84010100.0
2025-06-09,NVDA,Close,141.94422912597656
2025-06-09,NVDA,High,144.97367786361048
2025-06-09,NVDA,Low,140.8244373237148
2025-06-09,NVDA,Open,143.16400887744845
2025-06-09,NVDA,Volume,851876000.0
2025-06-16,AAPL,Close,200.57769775390625
2025-06-16,AAPL,High,201.27622400422058
2025-06-16,AAPL,Low,194.66016402949964
2025-06-16,AAPL,Open,196.88547452219035
2025-06-16,AAPL,Volume,224085100.0
2025-06-16,AMZN,Close,209.69000244140625
2025-06-16,AMZN,High,217.9600067138672
2025-06-16,AMZN,Low,208.27000427246094
2025-06-16,AMZN,Open,212.30999755859375
2025-06-16,AMZN,Volume,185081700.0
2025-06-16,GOOG,Close,167.58021545410156
2025-06-16,GOOG,High,178.55540663002256
2025-06-16,GOOG,Low,166.1215277486504
2025-06-16,GOOG,Open,175.74791835547703
2025-06-16,GOOG,Volume,123723000.0
2025-06-16,MSFT,Close,475.7261047363281
2025-06-16,MSFT,High,481.76485435953526
2025-06-16,MSFT,Low,472.4177382255629
2025-06-16,MSFT,Open,473.54378101589856
2025-06-16,MSFT,Volume,86142900.0
2025-06-16,NVDA,Close,143.83387756347656
2025-06-16,NVDA,High,146.1836049259659
2025-06-16,NVDA,Low,142.63399990245927
2025-06-16,NVDA,Open,143.33393362374542
2025-06-16,NVDA,Volume,726692000.0
2025-06-23,AAPL,Close,200.65753173828125
2025-06-23,AAPL,High,203.24208648087057
2025-06-23,AAPL,Low,198.54199074147212
2025-06-23,AAPL,Open,201.20637923086767
2025-06-23,AAPL,Volume,273391700.0
2025-06-23,AMZN,Close,223.3000030517578
2025-06-23,AMZN,High,223.3000030517578
2025-06-23,AMZN,Low,207.30999755859375
2025-06-23,AMZN,Open,209.7899932861328
2025-06-23,AMZN,Volume,277144100.0
2025-06-23,GOOG,Close,178.11080932617188
2025-06-23,GOOG,High,178.68029238922279
2025-06-23,GOOG,Low,163.1841482929062
2025-06-23,GOOG,Open,167.1705907149144
2025-06-23,GOOG,Volume,187875500.0
2025-06-23,MSFT,Close,494.20111083984375
2025-06-23,MSFT,High,497.54931522943417
2025-06-23,MSFT,Low,470.8532696688575
2025-06-23,MSFT,Open,476.53326577489315
2025-06-23,MSFT,Volume,120782800.0
2025-06-23,NVDA,Close,157.73231506347656
2025-06-23,NVDA,High,158.69221415352254
2025-06-23,NVDA,Low,142.01407617065766
2025-06-23,NVDA,Open,142.4840247007633
2025-06-23,NVDA,Volume,1072401700.0
2025-06-30,AAPL,Close,213.10134887695312
2025-06-30,AAPL,High,214.19902871499423
2025-06-30,AAPL,Low,198.841362677618
2025-06-30,AAPL,Open,201.58558511281782
2025-06-30,AAPL,Volume,273599300.0
2025-06-30,AMZN,Close,223.41000366210938
2025-06-30,AMZN,High,224.00999450683594
2025-06-30,AMZN,Low,217.92999267578125
2025-06-30,AMZN,Open,223.52000427246094
2025-06-30,AMZN,Volume,158671200.0
2025-06-30,GOOG,Close,180.38877868652344
2025-06-30,GOOG,High,181.41785771563156
2025-06-30,GOOG,Low,174.50403884490476
2025-06-30,GOOG,Open,180.6235694501644
2025-06-30,GOOG,Volume,102356400.0
2025-06-30,MSFT,Close,497.0909423828125
2025-06-30,MSFT,High,499.00422377802295
2025-06-30,MSFT,Low,486.9865114944331
2025-06-30,MSFT,Open,495.2972657833958
2025-06-30,MSFT,Volume,78618800.0
2025-06-30,NVDA,Close,159.3221435546875
2025-06-30,NVDA,High,160.96195919540767
2025-06-30,NVDA,Low,151.47303223919351
2025-06-30,NVDA,Open,158.38224643310164
2025-06-30,NVDA,Volume,722664100.0
2025-07-07,AAPL,Close,210.7163543701172
2025-07-07,AAPL,High,215.7756943312126
2025-07-07,AAPL,Low,206.7846299134773
2025-07-07,AAPL,Open,212.23314987158005
2025-07-07,AAPL,Volume,226036700.0
2025-07-07,AMZN,Close,225.02000427246094
2025-07-07,AMZN,High,226.67999267578125
2025-07-07,AMZN,Low,218.42999267578125
2025-07-07,AMZN,Open,223.0
2025-07-07,AMZN,Volume,201340100.0
2025-07-07,GOOG,Close,181.14808654785156
2025-07-07,GOOG,High,182.44692868840252
2025-07-07,GOOG,Low,173.72472890400533
2025-07-07,GOOG,Open,179.97413278148505
2025-07-07,GOOG,Volume,125057400.0
2025-07-07,MSFT,Close,501.5552062988281
2025-07-07,MSFT,High,505.0030659165485
2025-07-07,MSFT,Low,492.3774776107318
2025-07-07,MSFT,Open,495.6360314069865
2025-07-07,MSFT,Volume,77439300.0
2025-07-07,NVDA,Close,164.90151977539062
2025-07-07,NVDA,High,167.87118822352508
2025-07-07,NVDA,Low,157.32236724253224
2025-07-07,NVDA,Open,158.18227149446815
2025-07-07,NVDA,Volume,823265800.0
2025-07-14,AAPL,Close,210.73631286621094
2025-07-14,AAPL,High,211.9537509183941
2025-07-14,AAPL,Low,207.10396095403217
2025-07-14,AAPL,Open,209.4889390608373
2025-07-14,AAPL,Volume,225669600.0
2025-07-14,AMZN,Close,226.1300048828125
2025-07-14,AMZN,High,227.27000427246094
2025-07-14,AMZN,Low,222.17999267578125
2025-07-14,AMZN,Open,225.07000732421875
2025-07-14,AMZN,Volume,179835400.0
2025-07-14,GOOG,Close,185.77395629882812
2025-07-14,GOOG,High,187.19268639627012
2025-07-14,GOOG,Low,180.54962194144744
2025-07-14,GOOG,Open,181.90741712308716
2025-07-14,GOOG,Volume,108742400.0
2025-07-14,MSFT,Close,508.2615966796875
2025-07-14,MSFT,High,512.8355294984256
2025-07-14,MSFT,Low,499.2732345037374
2025-07-14,MSFT,Open,499.7615066826243
2025-07-14,MSFT,Volume,80853200.0
2025-07-14,NVDA,Close,172.39068603515625
2025-07-14,NVDA,High,174.23047621121117
2025-07-14,NVDA,Low,162.00185078986132
2025-07-14,NVDA,Open,165.35146628587228
2025-07-14,NVDA,Volume,833732200.0
2025-07-21,AAPL,Close,213.43064880371094
2025-07-21,AAPL,High,215.32665086464198
2025-07-21,AAPL,Low,211.18537599257803
2025-07-21,AAPL,Open,211.6543897534865
2025-07-21,AAPL,Volume,231062200.0
2025-07-21,AMZN,Close,231.44000244140625
2025-07-21,AMZN,High,236.0
2025-07-21,AMZN,Low,225.64999389648438
2025-07-21,AMZN,Open,225.83999633789062
2025-07-21,AMZN,Volume,177690600.0
2025-07-21,GOOG,Close,193.9066925048828
2025-07-21,GOOG,High,198.79232522876865
2025-07-21,GOOG,Low,186.88297136542485
2025-07-21,GOOG,Open,186.93292976551774
2025-07-21,GOOG,Volume,161299900.0
2025-07-21,MSFT,Close,511.9088439941406
2025-07-21,MSFT,High,516.4727417364818
2025-07-21,MSFT,Low,498.9444501248147
2025-07-21,MSFT,Open,504.9333570912048
2025-07-21,MSFT,Volume,79564700.0
2025-07-21,NVDA,Close,173.48056030273438
2025-07-21,NVDA,High,174.70042482917586
2025-07-21,NVDA,Low,164.56156156931652
2025-07-21,NVDA,Open,172.73064433600786
2025-07-21,NVDA,Volume,721624000.0
2025-07-28,AAPL,Close,201.95481872558594
2025-07-28,AAPL,High,214.39862135071778
2025-07-28,AAPL,Low,201.07666267114303
2025-07-28,AAPL,Open,213.58033680421752
2025-07-28,AAPL,Volume,319915100.0
2025-07-28,AMZN,Close,214.75
2025-07-28,AMZN,High,236.52999877929688
2025-07-28,AMZN,Low,212.8000030517578
2025-07-28,AMZN,Open,233.35000610351562
2025-07-28,AMZN,Volume,319625700.0
2025-07-28,GOOG,Close,189.78036499023438
2025-07-28,GOOG,High,198.30274618375614
2025-07-28,GOOG,Low,188.5314812837375
2025-07-28,GOOG,Open,194.23638876288675
2025-07-28,GOOG,Volume,127684300.0
2025-07-28,MSFT,Close,522.2722778320312
2025-07-28,MSFT,High,553.5024159148677
2025-07-28,MSFT,Low,507.6537328617328
2025-07-28,MSFT,Open,512.2774780437444
2025-07-28,MSFT,Volume,137752500.0
2025-07-28,NVDA,Close,173.70053100585938
2025-07-28,NVDA,High,183.27945912811515
2025-07-28,NVDA,Low,170.8708463561498
2025-07-28,NVDA,Open,174.00050043383274
2025-07-28,NVDA,Volume,894627600.0
2025-08-04,AAPL,Close,228.86814880371094
2025-08-04,AAPL,High,230.5146761138317
2025-08-04,AAPL,Low,201.2562692220678
2025-08-04,AAPL,Open,204.08032530642765
2025-08-04,AAPL,Volume,431826300.0
2025-08-04,AMZN,Close,222.69000244140625
2025-08-04,AMZN,High,226.22000122070312
2025-08-04,AMZN,Low,211.4199981689453
2025-08-04,AMZN,Open,217.39999389648438
2025-08-04,AMZN,Volume,257792200.0
2025-08-04,GOOG,Close,201.90953063964844
2025-08-04,GOOG,High,203.24833036524188
2025-08-04,GOOG,Low,190.7495072421191
2025-08-04,GOOG,Open,191.00428440641477
2025-08-04,GOOG,Volume,96820400.0
2025-08-04,MSFT,Close,520.2095947265625
2025-08-04,MSFT,High,536.3627809112085
2025-08-04,MSFT,Low,515.7353473538294
2025-08-04,MSFT,Open,526.4177923786339
2025-08-04,MSFT,Volume,97486400.0
2025-08-04,NVDA,Close,182.6795196533203
2025-08-04,NVDA,High,183.85939533079764
2025-08-04,NVDA,Low,174.5004438036216
2025-08-04,NVDA,Open,175.14037146116019
2025-08-04,NVDA,Volume,717049600.0
2025-08-11,AAPL,Close,231.10342407226562
2025-08-11,AAPL,High,234.6260062984693
2025-08-11,AAPL,Low,224.28777212470206
2025-08-11,AAPL,Open,227.44113659614877
2025-08-11,AAPL,Volume,295265800.0
2025-08-11,AMZN,Close,231.02999877929688
2025-08-11,AMZN,High,234.0800018310547
2025-08-11,AMZN,Low,219.0500030517578
2025-08-11,AMZN,Open,221.77999877929688
2025-08-11,AMZN,Volume,206535300.0
2025-08-11,GOOG,Close,204.72702026367188
2025-08-11,GOOG,High,207.14485738883576
2025-08-11,GOOG,Low,198.46261506724184
2025-08-11,GOOG,Open,201.37500528193652
2025-08-11,GOOG,Volume,95005700.0
2025-08-11,MSFT,Close,518.3461303710938
2025-08-11,MSFT,High,530.8322260952935
2025-08-11,MSFT,Low,517.2599862571353
2025-08-11,MSFT,Open,520.4686668975202
2025-08-11,MSFT,Volume,103963000.0
2025-08-11,NVDA,Close,180.42977905273438
2025-08-11,NVDA,High,184.45932630476278
2025-08-11,NVDA,Low,178.02004541114613
2025-08-11,NVDA,Open,182.02960588910253
2025-08-11,NVDA,Volume,749836800.0
2025-08-18,AAPL,Close,227.53941345214844
2025-08-18,AAPL,High,232.89422300780967
2025-08-18,AAPL,Low,223.56327227183633
2025-08-18,AAPL,Open,231.47560007903522
2025-08-18,AAPL,Volume,192241700.0
2025-08-18,AMZN,Close,228.83999633789062
2025-08-18,AMZN,High,231.91000366210938
2025-08-18,AMZN,Low,220.5
2025-08-18,AMZN,Open,230.22999572753906
2025-08-18,AMZN,Volume,161200000.0
2025-08-18,GOOG,Close,206.535400390625
2025-08-18,GOOG,High,209.0431534739571
2025-08-18,GOOG,Low,197.283675053015
2025-08-18,GOOG,Open,204.8868799376445
2025-08-18,GOOG,Volume,77941100.0
2025-08-18,MSFT,Close,505.4515075683594
2025-08-18,MSFT,High,520.986840615095
2025-08-18,MSFT,Low,500.64840066271813
2025-08-18,MSFT,Open,519.7611728337262
2025-08-18,MSFT,Volume,115732100.0
2025-08-18,NVDA,Close,177.97006225585938
2025-08-18,NVDA,High,182.9195045720394
2025-08-18,NVDA,Low,168.78108952620022
2025-08-18,NVDA,Open,180.57977042360218
2025-08-18,NVDA,Volume,845210200.0
2025-08-25,AAPL,Close,231.91517639160156
2025-08-25,AAPL,High,233.18395069004328
2025-08-25,AAPL,Low,224.47239461805458
2025-08-25,AAPL,Open,226.260654331093
2025-08-25,AAPL,Volume,194310800.0
2025-08-25,AMZN,Close,229.0
2025-08-25,AMZN,High,232.7100067138672
2025-08-25,AMZN,Low,226.02000427246094
2025-08-25,AMZN,Open,227.35000610351562
2025-08-25,AMZN,Volume,129872400.0
2025-08-25,GOOG,Close,213.3393096923828
2025-08-25,GOOG,High,215.14769086553312
2025-08-25,GOOG,Low,205.76607704428244
2025-08-25,GOOG,Open,206.81514240988682
2025-08-25,GOOG,Volume,106686700.0
2025-08-25,MSFT,Close,505.7434387207031
2025-08-25,MSFT,High,510.1352128485446
2025-08-25,MSFT,Low,497.57872734959574
2025-08-25,MSFT,Open,505.6835532454582
2025-08-25,MSFT,Volume,108729400.0
2025-08-25,NVDA,Close,174.1604766845703
2025-08-25,NVDA,High,184.44933228584327
2025-08-25,NVDA,Low,173.13059331145078
2025-08-25,NVDA,Open,178.33002288329547
2025-08-25,NVDA,Volume,1092265600.0
2025-09-01,AAPL,Close,239.45787048339844
2025-09-01,AAPL,High,241.08629675958926
2025-09-01,AAPL,Low,226.75018816944632
2025-09-01,AAPL,Open,229.02797884421025
2025-09-01,AAPL,Volume,212923200.0
2025-09-01,AMZN,Close,232.3300018310547
2025-09-01,AMZN,High,236.0
2025-09-01,AMZN,Low,221.8300018310547
2025-09-01,AMZN,Open,223.52000427246094
2025-09-01,AMZN,Volume,164180600.0
2025-09-01,GOOG,Close,234.95999145507812
2025-09-01,GOOG,High,235.9191408833356
2025-09-01,GOOG,Low,206.77519151103385
2025-09-01,GOOG,Open,208.80337750223651
2025-09-01,GOOG,Volume,159474100.0
2025-09-01,MSFT,Close,494.0752868652344
2025-09-01,MSFT,High,511.0135863020471
2025-09-01,MSFT,Low,491.4501951138555
2025-09-01,MSFT,Open,499.5350695364911
2025-09-01,MSFT,Volume,81977400.0
2025-09-01,NVDA,Close,167.0012969970703
2025-09-01,NVDA,High,172.39069267338886
2025-09-01,NVDA,Low,164.05163046676552
2025-09-01,NVDA,Open,169.98095894662285
2025-09-01,NVDA,Volume,761701300.0
2025-09-08,AAPL,Close,233.84332275390625
2025-09-08,AAPL,High,239.91742117689807
2025-09-08,AAPL,Low,225.73117618365197
2025-09-08,AAPL,Open,239.06825350388672
2025-09-08,AAPL,Volume,304787000.0
2025-09-08,AMZN,Close,228.14999389648438
2025-09-08,AMZN,High,238.85000610351562
2025-09-08,AMZN,Low,226.2899932861328
2025-09-08,AMZN,Open,234.94000244140625
2025-09-08,AMZN,Volume,197870400.0
2025-09-08,GOOG,Close,241.16445922851562
2025-09-08,GOOG,High,242.3533990307237
2025-09-08,GOOG,Low,233.17160300678844
2025-09-08,GOOG,Open,235.5794393572596
2025-09-08,GOOG,Volume,101818900.0
2025-09-08,MSFT,Close,508.94744873046875
2025-09-08,MSFT,High,511.59249216822343
2025-09-08,MSFT,Low,494.1052322799553
2025-09-08,MSFT,Open,497.1794651233409
2025-09-08,MSFT,Volume,95299800.0
2025-09-08,NVDA,Close,177.80007934570312
2025-09-08,NVDA,High,180.2597951138234
2025-09-08,NVDA,Low,166.72131923115583
2025-09-08,NVDA,Open,167.53122601473396
2025-09-08,NVDA,Volume,824239800.0
2025-09-15,AAPL,Close,245.26223754882812
2025-09-15,AAPL,High,246.06146581163878
2025-09-15,AAPL,Low,234.8023763409723
2025-09-15,AAPL,Open,236.77046964998888
2025-09-15,AAPL,Volume,360619500.0
2025-09-15,AMZN,Close,231.47999572753906
2025-09-15,AMZN,High,235.89999389648438
2025-09-15,AMZN,Low,228.7100067138672
2025-09-15,AMZN,Open,230.6300048828125
2025-09-15,AMZN,Volume,250137300.0
2025-09-15,GOOG,Close,255.24000549316406
2025-09-15,GOOG,High,256.70001220703125
2025-09-15,GOOG,Low,244.97999572753906
2025-09-15,GOOG,Open,245.13999938964844
2025-09-15,GOOG,Volume,137703200.0
2025-09-15,MSFT,Close,516.96240234375
2025-09-15,MSFT,High,518.3298380532008
2025-09-15,MSFT,Low,504.98482059360725
2025-09-15,MSFT,Open,507.8394934168854
2025-09-15,MSFT,Volume,124060100.0
2025-09-15,NVDA,Close,176.66015625
2025-09-15,NVDA,High,178.84004274085257
2025-09-15,NVDA,Low,168.40062189031562
2025-09-15,NVDA,Open,175.66021195792464
2025-09-15,NVDA,Volume,928588600.0
2025-09-22,AAPL,Close,255.2126007080078
2025-09-22,AAPL,High,257.3505275669758
2025-09-22,AAPL,Low,247.87969771112603
2025-09-22,AAPL,Open,248.0595313129517
2025-09-22,AAPL,Volume,309374700.0
2025-09-22,AMZN,Close,219.77999877929688
2025-09-22,AMZN,High,230.57000732421875
2025-09-22,AMZN,Low,216.47000122070312
2025-09-22,AMZN,Open,230.55999755859375
2025-09-22,AMZN,Volume,260256100.0
2025-09-22,GOOG,Close,247.17999267578125
2025-09-22,GOOG,High,256.30999755859375
2025-09-22,GOOG,Low,241.64999389648438
2025-09-22,GOOG,Open,254.77999877929688
2025-09-22,GOOG,Volume,88533000.0
2025-09-22,MSFT,Close,510.5045166015625
2025-09-22,MSFT,High,516.7727835132373
2025-09-22,MSFT,Low,504.0965270678837
2025-09-22,MSFT,Open,514.6268365500407
2025-09-22,MSFT,Volume,85342200.0
2025-09-22,NVDA,Close,178.18008422851562
2025-09-22,NVDA,High,184.53973083561687
2025-09-22,NVDA,Low,173.12036831385433
2025-09-22,NVDA,Open,175.2902456987853
2025-09-22,NVDA,Volume,945921100.0
2025-09-29,AAPL,Close,257.7701110839844
2025-09-29,AAPL,High,258.9889308017334
2025-09-29,AAPL,Low,252.76496847664623
2025-09-29,AAPL,Open,254.31347043713177
2025-09-29,AAPL,Volume,218331700.0
2025-09-29,AMZN,Close,219.50999450683594
2025-09-29,AMZN,High,224.1999969482422
2025-09-29,AMZN,Low,216.61000061035156
2025-09-29,AMZN,Open,220.0800018310547
2025-09-29,AMZN,Volume,221487000.0
2025-09-29,GOOG,Close,246.4499969482422
2025-09-29,GOOG,High,251.6479949951172
2025-09-29,GOOG,Low,239.1999969482422
2025-09-29,GOOG,Open,248.27499389648438
2025-09-29,GOOG,Volume,110265000.0
2025-09-29,MSFT,Close,516.3834838867188
2025-09-29,MSFT,High,520.6255442135467
2025-09-29,MSFT,Low,507.92933643045467
2025-09-29,MSFT,Open,510.54443698177334
2025-09-29,MSFT,Volume,96313500.0
2025-09-29,NVDA,Close,187.6095428466797
2025-09-29,NVDA,High,191.03935969622864
2025-09-29,NVDA,Low,180.3099617344971
2025-09-29,NVDA,Open,180.41994095879878
2025-09-29,NVDA,Volume,878292100.0
2025-10-06,AAPL,Close,245.032470703125
2025-10-06,AAPL,High,258.81910903875513
2025-10-06,AAPL,Low,243.76369637579657
2025-10-06,AAPL,Open,257.74013789953653
2025-10-06,AAPL,Volume,213437900.0
2025-10-06,AMZN,Close,216.3699951171875
2025-10-06,AMZN,High,228.25
2025-10-06,AMZN,Low,216.0
2025-10-06,AMZN,Open,221.0
2025-10-06,AMZN,Volume,240351200.0
2025-10-06,GOOG,Close,237.49000549316406
2025-10-06,GOOG,High,252.1999969482422
2025-10-06,GOOG,Low,236.68499755859375
2025-10-06,GOOG,Open,245.77999877929688
2025-10-06,GOOG,Volume,88081500.0
2025-10-06,MSFT,Close,510.0054626464844
2025-10-06,MSFT,High,530.0380074758538
2025-10-06,MSFT,Low,508.6779606337136
2025-10-06,MSFT,Open,517.6411655227678
2025-10-06,MSFT,Volume,91844600.0
2025-10-06,NVDA,Close,183.14981079101562
2025-10-06,NVDA,High,195.6091088464203
2025-10-06,NVDA,Low,182.0398719523004
2025-10-06,NVDA,Open,185.48967690789428
2025-10-06,NVDA,Volume,879706600.0
2025-10-13,AAPL,Close,252.045654296875
2025-10-13,AAPL,High,253.13461023404025
2025-10-13,AAPL,Low,244.4630087540338
2025-10-13,AAPL,Open,249.13848417269432
2025-10-13,AAPL,Volume,196438500.0
2025-10-13,AMZN,Close,213.0399932861328
2025-10-13,AMZN,High,220.67999267578125
2025-10-13,AMZN,Low,211.02999877929688
2025-10-13,AMZN,Open,217.6999969482422
2025-10-13,AMZN,Volume,217786300.0
2025-10-13,GOOG,Close,253.7899932861328
2025-10-13,GOOG,High,257.5799865722656
2025-10-13,GOOG,Low,240.75
2025-10-13,GOOG,Open,241.02999877929688
2025-10-13,GOOG,Volume,82818300.0
2025-10-13,MSFT,Close,512.62060546875
2025-10-13,MSFT,High,516.2238470573485
2025-10-13,MSFT,Low,505.05474850243536
2025-10-13,MSFT,Open,515.4452749222543
2025-10-13,MSFT,Volume,79090600.0
2025-10-13,NVDA,Close,183.20980834960938
2025-10-13,NVDA,High,190.0994244357148
2025-10-13,NVDA,Low,177.28013031246326
2025-10-13,NVDA,Open,187.95954409823196
2025-10-13,NVDA,Volume,926433200.0
2025-10-20,AAPL,Close,262.56549072265625
2025-10-20,AAPL,High,265.0330999781397
2025-10-20,AAPL,Low,255.18263261238707
2025-10-20,AAPL,Open,255.64219385276576
2025-10-20,AAPL,Volume,253202800.0
2025-10-20,AMZN,Close,224.2100067138672
2025-10-20,AMZN,High,225.39999389648438
2025-10-20,AMZN,Low,213.58999633789062
2025-10-20,AMZN,Open,213.8800048828125
2025-10-20,AMZN,Volume,203911000.0
2025-10-20,GOOG,Close,260.510009765625
2025-10-20,GOOG,High,262.510009765625
2025-10-20,GOOG,Low,244.6699981689453
2025-10-20,GOOG,Open,255.22999572753906
2025-10-20,GOOG,Volume,92860700.0
2025-10-20,MSFT,Close,522.6318359375
2025-10-20,MSFT,High,524.3685757173844
2025-10-20,MSFT,Low,512.0815743147767
2025-10-20,MSFT,Open,513.6486487275018
2025-10-20,MSFT,Volume,78770400.0
2025-10-20,NVDA,Close,186.24961853027344
2025-10-20,NVDA,High,187.45955783835475
2025-10-20,NVDA,Low,176.75014774631688
2025-10-20,NVDA,Open,183.11980326843155
2025-10-20,NVDA,Volume,657694900.0
2025-10-27,AAPL,Close,270.108154296875
2025-10-27,AAPL,High,277.05143573891627
2025-10-27,AAPL,Low,264.3936926324794
2025-10-27,AAPL,Open,264.6234808638183
2025-10-27,AAPL,Volume,293563300.0
2025-10-27,AMZN,Close,244.22000122070312
2025-10-27,AMZN,High,250.5
2025-10-27,AMZN,Low,222.75
2025-10-27,AMZN,Open,227.66000366210938
2025-10-27,AMZN,Volume,405996900.0
2025-10-27,GOOG,Close,281.82000732421875
2025-10-27,GOOG,High,291.92999267578125
2025-10-27,GOOG,Low,264.94000244140625
2025-10-27,GOOG,Open,265.3599853515625
2025-10-27,GOOG,Volume,147879600.0
2025-10-27,MSFT,Close,516.8426513671875
2025-10-27,MSFT,High,552.6855393339148
2025-10-27,MSFT,Low,514.137692119172
2025-10-27,MSFT,Open,530.7865850056646
2025-10-27,MSFT,Volume,159773900.0
2025-10-27,NVDA,Close,202.47872924804688
2025-10-27,NVDA,High,212.17818602373606
2025-10-27,NVDA,Low,188.41949940338657
2025-10-27,NVDA,Open,189.97942534691666
2025-10-27,NVDA,Volume,1118935100.0
2025-11-03,AAPL,Close,268.2099914550781
2025-11-03,AAPL,High,273.1352094959492
2025-11-03,AAPL,Low,265.9921402771897
2025-11-03,AAPL,Open,270.1581151002045
2025-11-03,AAPL,Volume,242583900.0
2025-11-03,AMZN,Close,244.41000366210938
2025-11-03,AMZN,High,258.6000061035156
2025-11-03,AMZN,Low,238.49000549316406
2025-11-03,AMZN,Open,255.36000061035156
2025-11-03,AMZN,Volume,280533300.0
2025-11-03,GOOG,Close,279.70001220703125
2025-11-03,GOOG,High,288.80999755859375
2025-11-03,GOOG,Low,275.739990234375
2025-11-03,GOOG,Open,282.4200134277344
2025-11-03,GOOG,Volume,102973600.0
2025-11-03,MSFT,Close,495.8918762207031
2025-11-03,MSFT,High,523.979321281637
2025-11-03,MSFT,Low,492.32853818272196
2025-11-03,MSFT,Open,518.8389178525833
2025-11-03,MSFT,Volume,117784000.0
2025-11-03,NVDA,Close,188.1395263671875
2025-11-03,NVDA,High,211.32823865691785
2025-11-03,NVDA,Low,178.90005019006267
2025-11-03,NVDA,Open,208.06842551648697
2025-11-03,NVDA,Volume,1028509000.0
2025-11-10,AAPL,Close,272.14617919921875
2025-11-10,AAPL,High,276.4320329437113
2025-11-10,AAPL,Low,267.20096099495635
2025-11-10,AAPL,Open,268.6995082704271
2025-11-10,AAPL,Volume,232952800.0
2025-11-10,AMZN,Close,234.69000244140625
2025-11-10,AMZN,High,251.75
2025-11-10,AMZN,Low,232.88999938964844
2025-11-10,AMZN,Open,248.33999633789062
2025-11-10,AMZN,Volume,171589100.0
2025-11-10,GOOG,Close,276.9800109863281
2025-11-10,GOOG,High,292.3599853515625
2025-11-10,GOOG,Low,271.4100036621094
2025-11-10,GOOG,Open,285.2650146484375
2025-11-10,GOOG,Volume,87054400.0
2025-11-10,MSFT,Close,509.2268981933594
2025-11-10,MSFT,High,512.5407032346432
2025-11-10,MSFT,Low,496.51070821491913
2025-11-10,MSFT,Open,499.10585710822056
2025-11-10,MSFT,Volume,124435200.0
2025-11-10,NVDA,Close,190.15940856933594
2025-11-10,NVDA,High,199.9288687999689
2025-11-10,NVDA,Low,180.56994624954729
2025-11-10,NVDA,Open,195.09913592714105
2025-11-10,NVDA,Volume,924330700.0
2025-11-17,AAPL,Close,271.489990234375
2025-11-17,AAPL,High,275.42999267578125
2025-11-17,AAPL,Low,265.32000732421875
2025-11-17,AAPL,Open,268.82000732421875
2025-11-17,AAPL,Volume,235974500.0
2025-11-17,AMZN,Close,220.69000244140625
2025-11-17,AMZN,High,234.60000610351562
2025-11-17,AMZN,Low,215.17999267578125
2025-11-17,AMZN,Open,233.25
2025-11-17,AMZN,Volume,297662500.0
2025-11-17,GOOG,Close,299.6499938964844
2025-11-17,GOOG,High,306.8900146484375
2025-11-17,GOOG,Low,279.010009765625
2025-11-17,GOOG,Open,286.3999938964844
2025-11-17,GOOG,Volume,185583900.0
2025-11-17,MSFT,Close,471.2380065917969
2025-11-17,MSFT,High,511.16328079881947
2025-11-17,MSFT,Low,467.3951928572576
2025-11-17,MSFT,Open,507.5001539482426
2025-11-17,MSFT,Volume,134724900.0
2025-11-17,NVDA,Close,178.8700408935547
2025-11-17,NVDA,High,195.98908239131697
2025-11-17,NVDA,Low,172.92036011460985
2025-11-17,NVDA,Open,185.95964230386582
2025-11-17,NVDA,Volume,1324905200.0
2025-11-24,AAPL,Close,278.8500061035156
2025-11-24,AAPL,High,280.3800048828125
2025-11-24,AAPL,Low,270.8999938964844
2025-11-24,AAPL,Open,270.8999938964844
2025-11-24,AAPL,Volume,166067000.0
2025-11-24,AMZN,Close,233.22000122070312
2025-11-24,AMZN,High,233.2899932861328
2025-11-24,AMZN,Low,222.27000427246094
2025-11-24,AMZN,Open,222.55999755859375
2025-11-24,AMZN,Volume,152487900.0
2025-11-24,GOOG,Close,320.1199951171875
2025-11-24,GOOG,High,328.6700134277344
2025-11-24,GOOG,Low,309.3999938964844
2025-11-24,GOOG,Open,311.010009765625
2025-11-24,GOOG,Volume,155746500.0
2025-11-24,MSFT,Close,492.010009765625
2025-11-24,MSFT,High,492.6300048828125
2025-11-24,MSFT,Low,464.8900146484375
2025-11-24,MSFT,Open,475.0
2025-11-24,MSFT,Volume,102536600.0
2025-11-24,NVDA,Close,176.99014282226562
2025-11-24,NVDA,High,183.48978083551265
2025-11-24,NVDA,Low,169.54056076636263
2025-11-24,NVDA,Open,179.48000964635224
2025-11-24,NVDA,Volume,882403400.0
2025-12-01,AAPL,Close,280.30999755859375
2025-12-01,AAPL,High,288.6199951171875
2025-12-01,AAPL,Low,276.1400146484375
2025-12-01,AAPL,Open,278.010009765625
2025-12-01,AAPL,Volume,195523287.0
2025-12-01,AMZN,Close,230.72999572753906
2025-12-01,AMZN,High,238.97000122070312
2025-12-01,AMZN,Low,226.8000030517578
2025-12-01,AMZN,Open,233.22000122070312
2025-12-01,AMZN,Volume,177683243.0
2025-12-01,GOOG,Close,322.57000732421875
2025-12-01,GOOG,High,323.8299865722656
2025-12-01,GOOG,Low,313.9800109863281
2025-12-01,GOOG,Open,317.4750061035156
2025-12-01,GOOG,Volume,111403068.0
2025-12-01,MSFT,Close,482.2099914550781
2025-12-01,MSFT,High,493.5
2025-12-01,MSFT,Low,475.20001220703125
2025-12-01,MSFT,Open,488.44000244140625
2025-12-01,MSFT,Volume,105251293.0
2025-12-01,NVDA,Close,182.7259063720703
2025-12-01,NVDA,High,185.66000366210938
2025-12-01,NVDA,Low,173.67999267578125
2025-12-01,NVDA,Open,174.75999450683594
2025-12-01,NVDA,Volume,752451921.0
