ticker,epochs_trained,train_r2,train_rmse,train_mae,train_dir_acc,val_r2,val_rmse,val_mae,val_dir_acc,test_r2,test_rmse,test_mae,test_dir_acc,final_train_loss,final_val_loss,best_val_loss,training_time_sec,latest_date,forecast_return
CVX,25,0.8472574524182563,0.035006284056344476,0.023847899492991164,86.53295128939828,-0.1948778284381547,0.05717587933906027,0.04349152693109191,59.63302752293578,0.10877185746119677,0.06149200353349993,0.04399397851779836,81.27853881278538,0.18492494523525238,0.6819753646850586,0.5866842269897461,27.295043468475342,2026-01-16,2.2852778
KHC,17,0.4500775580051367,0.06363984257168281,0.044633165812087504,75.7314974182444,0.10484715449251447,0.05153747586123014,0.04237024982753877,70.64220183486239,-0.43086165184347025,0.05650586804097559,0.04650602740134545,79.90867579908677,0.12695008516311646,0.5925344824790955,0.4231334626674652,11.751847267150879,2026-01-16,-12.247539
WELL,17,0.3080296234891149,0.08547766411366883,0.050277983959259795,68.36676217765043,-0.12834211836871523,0.062115382502644256,0.05188281303803786,78.44036697247707,0.1201508416847239,0.04799735626995153,0.03738136191472832,77.6255707762557,0.23283086717128754,0.8438317775726318,0.6135815978050232,17.612989902496338,2026-01-16,3.4043431
CRWD,18,0.7922907571918734,0.07044442424384843,0.05570932498309362,88.55534709193246,-0.5218526995922659,0.14861285172423724,0.11644008690919681,54.88721804511278,0.17935459004590548,0.08623294807416966,0.07180148684818499,76.86567164179104,0.16782765090465546,1.2572722434997559,0.8886683583259583,15.183170080184937,2026-01-16,3.8986921
ORCL,17,0.5150129531174166,0.04965702263377757,0.03713485920347018,78.07670291929021,0.011566398698900748,0.09438029663130935,0.07889521844662241,62.84403669724771,0.2265967622522348,0.1541795578770551,0.12768561710757678,75.34246575342466,0.1705867350101471,1.1882518529891968,0.9648964405059814,19.385604858398438,2026-01-16,3.9161801
LRCX,18,0.4085515578968779,0.08809776391211911,0.0647587699394771,75.67258156840298,-0.5156183838181181,0.12690765388209022,0.09276849276875347,55.04587155963303,-0.08850961158339321,0.1334379544799827,0.10246619001964573,73.51598173515981,0.14965546131134033,0.8418346643447876,0.6745914220809937,24.03872036933899,2026-01-16,10.050273
SYF,20,0.7673585921568956,0.0588932096354826,0.04245096671447236,84.27997705106138,-0.20758480988071182,0.0967083525093916,0.07868177598256647,60.09174311926605,0.13103758254295417,0.1023705315032689,0.07745627333826159,72.93577981651376,0.14985617995262146,0.978757917881012,0.805483341217041,19.563295602798462,2026-01-16,-1.1415005
RTX,17,0.24404295439595547,0.07352574937861416,0.04570798603421413,72.5085910652921,-0.2272599657154406,0.06106797348497581,0.04710967658172365,55.96330275229357,-0.41978512540512347,0.06045700961165971,0.046200144826449845,72.14611872146118,0.1855112761259079,0.8261802196502686,0.6262272000312805,17.498421669006348,2026-01-16,0.4235506
HD,16,0.24328793582313102,0.0635304213989098,0.04667114238649568,70.17744705208929,-0.05379922407170579,0.06162309635007131,0.04925092648068239,57.3394495412844,0.13282073057322885,0.05830389545348511,0.045275068241278846,70.77625570776256,0.153171569108963,0.6725274324417114,0.5929633975028992,19.77956748008728,2026-01-16,4.453945
EIX,16,0.3578071479073325,0.06488598205191205,0.04464202396567628,74.92844876931883,-0.07901974847164861,0.12725146001311466,0.0868835498076757,58.71559633027523,0.08345698820612935,0.05653863310236407,0.04507173128254533,70.64220183486239,0.17606230080127716,1.4472976922988892,1.0773743391036987,23.801542043685913,2026-01-16,0.623858
GE,16,0.2080467153045884,0.11397948356182797,0.07700728649530009,68.8430698739977,-0.20186679351272563,0.08070936701805179,0.06346417109501784,59.174311926605505,-0.21234880752365326,0.08988357625374019,0.06930254135270696,70.31963470319634,0.22034280002117157,0.7396167516708374,0.6202918291091919,11.145571231842041,2026-01-16,1.1883736
NTNX,17,0.16965658593407085,0.16167816564408063,0.1111656572053399,65.96141879278157,-0.05784663109795396,0.12777652806597026,0.10201159763619602,51.741293532338304,0.020938731320108706,0.14635565594323946,0.10829777115459575,70.1492537313433,0.19057105481624603,0.9068977236747742,0.7296417355537415,19.615896701812744,2026-01-16,1.2283206
HUBB,16,0.24017244489299372,0.06860107007416227,0.052266224307055666,68.86090440755581,0.012535089507973551,0.07012750019614579,0.05564300753397695,55.96330275229357,-0.09036660467901725,0.07258724285503101,0.051790946819064924,69.40639269406392,0.1206241026520729,0.9564435482025146,0.5129877328872681,15.460139274597168,2026-01-16,3.6109805
PSX,17,0.3628916384574895,0.09416467744213614,0.06659857324877375,73.89811104751001,-0.17200317305907808,0.07670891296870294,0.06346518570823409,56.42201834862385,0.36928271385660794,0.07748775457460165,0.05504114860535368,69.40639269406392,0.14758515357971191,0.8252685070037842,0.4562622904777527,16.961830615997314,2026-01-16,1.7467618
CRM,17,0.35599955242701586,0.07304224116589288,0.05251626879729917,75.61534058385804,0.16945296039957292,0.08568508075553384,0.06966037427047016,67.43119266055045,-0.2542308559470414,0.09273310771360714,0.0748166769693655,68.0365296803653,0.16230615973472595,0.9576340913772583,0.7000797390937805,16.880434274673462,2026-01-16,-4.2065144
CMCSA,16,0.11883028068000923,0.06348595770299877,0.04864883071594954,60.36655211912944,-0.036041967865332536,0.05872516308813946,0.04609235977900738,55.04587155963303,-0.020850204112792703,0.06334125014714144,0.05199370163839835,67.57990867579909,0.13409756124019623,0.639193594455719,0.5501474738121033,27.424925088882446,2026-01-16,3.2296896
APD,16,0.3228647012373921,0.05936800354111759,0.04346365473379544,70.6926159129937,-0.21167818635544133,0.08041845479481183,0.06738860472770987,48.1651376146789,-0.39836631725204663,0.07366657634043802,0.059760037600750236,67.57990867579909,0.18415431678295135,1.283692479133606,0.9961379766464233,19.40684676170349,2026-01-16,6.226027
CCK,17,0.4511909280633414,0.06422647295824012,0.04390478153254487,77.12155963302753,-0.2235130808006216,0.07999430256933115,0.06328294221167746,61.92660550458715,0.27986983639748453,0.05333312576087745,0.04322491340054655,67.57990867579909,0.17144860327243805,1.0100537538528442,0.8823622465133667,19.227237224578857,2026-01-16,8.772707
CBOE,16,0.13181295588542186,0.06365925466864894,0.04103523825165002,68.91814539210075,-0.11204963623871289,0.06367011431837993,0.05112967941292925,52.293577981651374,0.06433877129511811,0.041321126854526324,0.0330406437258819,67.12328767123287,0.17678257822990417,1.3080928325653076,0.9587062001228333,18.430753469467163,2026-01-16,5.0165057
MA,16,0.16104020693293564,0.06219488669552825,0.04534979010908151,70.29192902117917,-0.2636997007600439,0.042369454176998826,0.03591225042598663,52.752293577981646,0.1032373153517614,0.05006785660055757,0.04140599000722559,67.12328767123287,0.19474340975284576,0.9037719964981079,0.6918880939483643,34.096638917922974,2026-01-16,2.3038745
ES,18,0.613076605523296,0.04061976683667035,0.02835290661227796,82.68348623853211,-0.27680277935713016,0.06464121082669032,0.05508025618995348,51.8348623853211,0.20122067701957047,0.058390213759221404,0.049464384013779825,66.97247706422019,0.11000441014766693,1.0973858833312988,0.7983739376068115,18.310185432434082,2026-01-16,7.417476
MSTR,25,0.8953671328327535,0.07453378556301377,0.05341303694799092,83.51459645105895,-0.36483435050180946,0.3063922460426755,0.23873806334120043,56.88073394495413,-0.021111685447552375,0.18585202420821134,0.14308071637209363,66.21004566210046,0.1956678032875061,1.4922467470169067,1.3252956867218018,45.88578748703003,2026-01-16,-5.3097367
TT,18,0.6094323383406535,0.04822492756586646,0.03553073808746324,83.9152833428735,-0.33257544031586606,0.07275729214414137,0.05922703743161819,52.752293577981646,0.3528023278425483,0.06480036102760699,0.05136515738509623,66.21004566210046,0.16624808311462402,1.0872021913528442,0.865186333656311,20.07178831100464,2026-01-16,5.457449
LDOS,27,0.8940889356907343,0.025832284414862756,0.018488916685876416,90.03436426116839,0.38888561165694213,0.07199416389207725,0.059891205800936057,63.76146788990825,-0.7618012849392441,0.07273692470254446,0.058998048112951736,66.21004566210046,0.12504363059997559,0.9592136144638062,0.794532299041748,27.953227043151855,2026-01-16,-2.981162
HCA,16,0.2111450201284073,0.08992871603473383,0.061049832765066134,69.54779622209502,-0.17163866273177786,0.08955024193780181,0.07512902648244373,44.95412844036697,-0.2844781061046566,0.07010447189900328,0.056394280669029996,66.21004566210046,0.20001555979251862,1.1485835313796997,0.9093049764633179,13.186556339263916,2026-01-16,3.0521154
JPM,16,0.1428389902696644,0.07127896427635928,0.048969344001457346,65.6554092730395,-0.07087278799700303,0.057004397857319054,0.048513863373272605,67.43119266055045,-0.047749323171917046,0.0663741430138441,0.04866424148654959,65.75342465753424,0.16764427721500397,1.050058364868164,0.6677570939064026,12.034253597259521,2026-01-16,2.2684693
GOOG,16,0.14754809416117431,0.04835798429324586,0.03636995936534795,64.1843021698366,-0.14459358373381526,0.05704319677141175,0.04347027772181986,58.798283261802574,-0.07840218045844582,0.06326116260998897,0.048707128584982384,65.31049250535332,0.19628259539604187,0.9106542468070984,0.7555464506149292,36.88706970214844,2026-02-02,6.5782666
CMS,17,0.2716992817641508,0.046614512916726546,0.03307500033344154,76.40320733104238,0.07011987490644711,0.04489762715339747,0.037653535014640194,63.30275229357798,0.04804649037342745,0.03446789994204549,0.026545642436151835,65.29680365296804,0.17373698949813843,1.0328283309936523,0.5862743258476257,18.048152685165405,2026-01-16,1.1041999
EME,23,0.7553243561201051,0.04457864132005305,0.026843538694120074,86.76975945017182,-0.004179073322877702,0.0935696432962121,0.07730585640450048,61.46788990825688,-0.6496762451075484,0.13196987744234193,0.10657984107984952,65.29680365296804,0.1651851385831833,0.9881355166435242,0.875002384185791,25.436131238937378,2026-01-16,8.48875
LULU,26,0.8878954730747923,0.03781030559796437,0.026916808400353896,89.39828080229226,-0.5456216998098093,0.14132327523679525,0.11565600885384211,64.6788990825688,-0.1827453469178768,0.16976847694183744,0.13635695877007628,64.84018264840182,0.13944682478904724,1.112768292427063,0.9108183979988098,33.172008752822876,2026-01-16,-2.5271654
DAL,16,0.22755576586755444,0.11454199006418614,0.0717526805750539,71.72295363480252,-0.17808480085330847,0.1189382329965555,0.09946287104477691,52.293577981651374,0.10663267900325402,0.1403595549602741,0.10646442547280321,64.84018264840182,0.1646348088979721,0.9591100215911865,0.8044583201408386,16.155941486358643,2026-01-16,-1.2015641
MCK,17,0.30256100838172717,0.0575757579123685,0.04433823912203671,70.5208929593589,-0.0901745798613347,0.08677148270940227,0.06790299697167351,60.550458715596335,-0.13782013470038068,0.05623079601794,0.04737265451855449,64.84018264840182,0.17533309757709503,1.2002959251403809,1.0763713121414185,19.798497438430786,2026-01-16,4.587686
VZ,16,0.20301097862401074,0.04752340178232303,0.035830195095934124,67.37263880938752,0.04693404323126538,0.049708677870526456,0.040999180394097674,62.84403669724771,0.1451711748086767,0.03811956898627604,0.028629474078127052,64.6788990825688,0.173531636595726,0.7149304151535034,0.6733438372612,19.199835777282715,2026-01-16,0.28806925
COR,19,0.6506651427080972,0.03916712079499356,0.030196859541042495,84.7738981110475,0.27212957693934137,0.051668050306390594,0.04263202709278255,61.00917431192661,-0.2563179452882407,0.06018158404483049,0.04617443445640175,63.926940639269404,0.13045141100883484,0.5252181887626648,0.3622470498085022,21.458455801010132,2026-01-16,-6.6319885
EXPD,17,0.48607909625984047,0.04819532776069466,0.03623670812712776,77.79049799656555,-0.3517067720292799,0.05075740984112668,0.039508716049766475,62.38532110091744,-0.48098891329271165,0.0847745243279948,0.05938261059434245,63.926940639269404,0.15032818913459778,0.7768973112106323,0.61614990234375,18.329598665237427,2026-01-16,1.5037537
NEE,16,0.37056436338534016,0.05760517080854741,0.040869302187737246,75.6586483390607,-0.8235954241059593,0.09583586385977765,0.07356588745804561,49.08256880733945,-0.12693860642359978,0.06697667422366294,0.053652980144263715,63.926940639269404,0.1945425570011139,1.4046396017074585,1.1704336404800415,18.073212385177612,2026-01-16,5.639136
KDP,17,0.31817422777313886,0.05251675447639598,0.034494316583264364,76.6189111747851,0.09525608686893339,0.05714209637950828,0.048917705984830834,67.88990825688074,0.06009542488333586,0.0772090769390661,0.058384074704749565,63.926940639269404,0.19095554947853088,1.0658830404281616,0.6810845136642456,12.18362832069397,2026-01-16,4.938936
PHM,18,0.2858020115869545,0.09667867526739433,0.058327019695929766,73.6540664375716,-0.27933258091611357,0.10249192010220615,0.08092950920963997,46.788990825688074,0.1786516324389943,0.0691492431828945,0.056161682740260864,63.76146788990825,0.2425680011510849,1.2959650754928589,0.9392715692520142,17.837186098098755,2026-01-16,3.9166331
CDNS,17,0.32409532855188594,0.07091767560042653,0.05369738322708828,75.0,-0.1513767997243769,0.10056882421432645,0.07077516746531022,55.5045871559633,-0.1241735974007101,0.10129976078341556,0.0767591113591743,63.4703196347032,0.16399042308330536,0.9620674252510071,0.6947349905967712,16.862339973449707,2026-01-16,1.9411445
NOC,16,0.25409813070534715,0.05566898878018664,0.041068751560985925,70.46365197481397,0.02602363601839619,0.06276176356996993,0.050872175730286295,54.12844036697248,-0.11805315445700426,0.07256893280155306,0.05921000198708703,63.4703196347032,0.2125832885503769,1.1114988327026367,0.7835392355918884,20.13560724258423,2026-01-16,4.1052938
ZTS,17,0.26622713120334496,0.05950635114740115,0.044317020614183786,72.3526044647968,-0.6149590423275915,0.07251384218854134,0.05723267281950072,27.06422018348624,0.002362884239288099,0.07048181749067325,0.05613742690493623,63.4703196347032,0.20654651522636414,1.1856633424758911,0.8737561106681824,12.942138433456421,2026-01-16,-0.50101876
MDB,16,0.12372342571007511,0.1769440496242246,0.12961339572552133,63.61031518624641,-0.11109175842735675,0.20460370000043504,0.15938880732248834,45.97701149425287,-0.5505807034672368,0.16480939089467364,0.1237287430453575,63.42857142857142,0.2014250010251999,1.1605727672576904,0.835965096950531,95.69179797172546,2026-01-16,-2.7338684
NUE,16,0.37441764896118856,0.08721373795437996,0.06350368072495927,71.32226674298798,-0.503744266246954,0.12189845223304283,0.08371216564762113,64.6788990825688,-0.10773672528015044,0.09208698578916504,0.0740231771514947,63.013698630136986,0.1457519829273224,0.9089766144752502,0.6807441115379333,20.408017873764038,2026-01-16,0.69411993
CAT,49,0.9359529593568097,0.022600792559581435,0.017461418130624507,92.9593589009731,-0.28887983752898094,0.07974963149880848,0.061964776703242276,55.5045871559633,-0.433044878396204,0.10526252172941687,0.08374378180219147,63.013698630136986,0.13766735792160034,0.6424204707145691,0.6161636710166931,48.655202865600586,2026-01-16,3.7817001
DGX,26,0.8942130162736446,0.02498498453784994,0.019034801605878646,87.97939324556381,-0.8584225075522509,0.06414775007416182,0.04964355778881648,57.3394495412844,-1.824138893133867,0.07306917917105178,0.05925589320685744,62.38532110091744,0.14634230732917786,0.9302064180374146,0.7031387090682983,25.483966588974,2026-01-16,4.435289
MMM,19,0.5965904043435366,0.04649780538377259,0.03609427237138713,78.12142038946163,-0.9014735933902529,0.09964264136698908,0.07399708233382127,66.5137614678899,0.2740277321964639,0.051857938746997026,0.041275111739767716,62.10045662100456,0.15386682748794556,1.2866909503936768,0.9830703139305115,43.45572805404663,2026-01-16,2.142036
FTV,16,0.1378352163368488,0.0729164880960762,0.0503766788581052,65.1780325890163,0.16136759949312562,0.05017137201121748,0.041345312520060525,64.25120772946859,-0.4383435384706045,0.07724094201695834,0.0626188792743706,62.019230769230774,0.2010013610124588,0.9192175269126892,0.5359997153282166,10.771059274673462,2026-01-16,0.18639565
BALL,28,0.8851927185724122,0.026710581392216833,0.020051840521576627,90.72696050372066,-0.9504687962220684,0.08718214877726148,0.06693181230012848,50.917431192660544,-1.38684487487006,0.10661757929143896,0.08366354177377205,61.92660550458715,0.11756458878517151,0.8020526766777039,0.7800043225288391,27.487804412841797,2026-01-16,-9.417176
EQT,32,0.9137627301022628,0.04542427088311735,0.034987161551985446,87.9083094555874,0.03114469297838207,0.09707489218679863,0.07624477261932122,65.13761467889908,-2.2502989852567987,0.13978301801135182,0.09961943276785865,61.92660550458715,0.13372080028057098,0.6968259215354919,0.5187853574752808,28.397772550582886,2026-01-16,31.768608
CARR,18,0.5461619836111291,0.05715989628246444,0.04491193836527061,73.98463227222832,0.2838156290273056,0.08657074511605282,0.06640398488254164,70.53571428571429,-1.249376839176597,0.08631202428904909,0.07358879897324351,61.73913043478261,0.12485038489103317,0.6117313504219055,0.515231728553772,10.19714617729187,2026-01-16,9.50178
MS,31,0.9272796249977927,0.024850527982224084,0.018946759478518344,90.95592444190041,-0.5935960441953052,0.09071254608368925,0.07014979700991465,58.71559633027523,-0.34072282601925163,0.0939237211979001,0.07075506005011445,61.64383561643836,0.1264043003320694,0.8060808777809143,0.7330809235572815,72.02150893211365,2026-01-16,1.0799408
HPE,17,0.3031241821573195,0.0786263599616,0.054550829517027256,72.24770642201835,-0.08040496109126227,0.09958354038170196,0.07846594201605564,47.706422018348626,0.042633009674381994,0.13203263169093013,0.10402530295538708,61.64383561643836,0.1447107195854187,1.0591779947280884,0.8358227014541626,17.078545331954956,2026-01-16,-4.103136
WDC,16,0.13275872674715972,0.1290886564149181,0.09528573408757372,67.58304696449026,0.05929250366104466,0.08868456104726928,0.06532716148839415,55.04587155963303,-0.556475140695498,0.20360827099363696,0.18429215818662317,61.46788990825688,0.17845365405082703,0.6774295568466187,0.5429592728614807,20.110992193222046,2026-01-16,1.7692089
JCI,25,0.8865053752069878,0.02926205904235887,0.02221324493241184,90.38351459645106,-0.1482860391443177,0.06233283501425658,0.05136267390894215,60.09174311926605,0.11773705387081035,0.07436307477325564,0.05511130115817361,61.46788990825688,0.130604088306427,0.7415407299995422,0.6285302639007568,27.783226490020752,2026-01-16,-4.95888
PNR,17,0.29211181653325224,0.07188877418058491,0.0514852498819099,67.31539782484258,-0.09224385037667382,0.07128154274922334,0.05903690538701627,50.917431192660544,0.04658646981006953,0.06692022087427554,0.05007599984139048,61.18721461187214,0.13586625456809998,1.088725209236145,0.7599916458129883,17.014684438705444,2026-01-16,-2.6760519
FBIN,24,0.850369126764706,0.03916561447870856,0.028835710240835272,87.57159221076746,0.07414518099562628,0.08850668270167426,0.0730804629632649,63.76146788990825,-0.5968889805159296,0.11733042928150796,0.08862110670499848,61.18721461187214,0.11961311101913452,0.6400254964828491,0.589342474937439,21.4874005317688,2026-01-16,7.3470592
UPS,28,0.9049532318266602,0.025160229237427244,0.019407686166551173,91.01316542644533,-1.328966175189771,0.08412003471125516,0.066786568898693,56.88073394495413,-0.8209785277430668,0.11969707246493731,0.09132203933059939,61.18721461187214,0.1350698471069336,0.9242939352989197,0.81153404712677,28.841482639312744,2026-01-16,-8.817827
BBY,16,0.2512109738095616,0.08965402814724231,0.06712898715509441,67.42987979393246,0.07421301844561479,0.08596841817408585,0.06307553038899251,65.13761467889908,-0.2661951777093743,0.11322072990003479,0.09039530083209286,60.73059360730594,0.16361358761787415,0.7541177868843079,0.49532902240753174,16.777262210845947,2026-01-16,-1.1603534
NVDA,16,0.148936543100197,0.1316896353104618,0.10239462412560461,67.31539782484258,-0.04330555694344995,0.13203733620066369,0.10875723367749682,57.798165137614674,-0.3189742903558852,0.1252758805597287,0.10420384256801105,60.273972602739725,0.1624639928340912,1.1485859155654907,0.7792171239852905,19.507104873657227,2026-01-16,7.0406914
AKAM,22,0.7830401983212396,0.035983138966359574,0.02729074164193456,87.17067583046965,-0.4048405819203307,0.09766599829515289,0.07781903918494242,66.97247706422019,0.004192881259186709,0.0874381483203385,0.06747155128723392,60.273972602739725,0.1352226436138153,0.8002972602844238,0.7535899877548218,23.202152729034424,2026-01-16,4.2221665
CNH,16,0.2561814399420148,0.09219980683671931,0.06644863357269108,70.96959265633964,-0.12539579861660943,0.0800432377826454,0.06792730537162893,54.377880184331794,-0.104709185101594,0.08621884939907663,0.06891066414377453,60.273972602739725,0.17019003629684448,0.8335679173469543,0.653272271156311,15.644071102142334,2026-01-16,6.0757637
CI,19,0.6022517375085286,0.050123659669036764,0.03598432607571385,80.13737836290784,0.06354418127927408,0.06500366824499712,0.051857178468767515,45.87155963302752,-0.7201393372953617,0.09457474091856832,0.07719137731484595,60.273972602739725,0.19071172177791595,0.8272355198860168,0.6325607299804688,19.432780504226685,2026-01-16,-8.066135
HWM,20,0.6017258352974215,0.07539162143215057,0.04451512222589993,82.11586901763224,0.2134310648426585,0.06829335201712046,0.05523130063258793,75.75757575757575,-0.31816138773535263,0.10109586580089903,0.0844782479562253,60.0,0.2129184901714325,0.45048922300338745,0.4207060933113098,18.274210214614868,2026-01-16,9.907473
MCD,21,0.6318051255055415,0.034530895817851,0.022086439246811695,82.19805380652548,-0.015149165807881726,0.051133799961380996,0.04039862012829001,65.59633027522935,-0.6201997188744535,0.045022051405759635,0.03676117186931626,59.817351598173516,0.17443346977233887,0.8391445875167847,0.7245263457298279,25.29574489593506,2026-01-16,5.483043
MRK,27,0.8676034149842778,0.020645799563274607,0.015745455809639833,88.99713467048711,-1.5557582240173216,0.08421483710671279,0.06855450509910588,40.36697247706422,-0.15322277540061213,0.08538962075536215,0.06485462353114603,59.817351598173516,0.14684608578681946,1.2014731168746948,1.1018730401992798,73.93320155143738,2026-01-16,5.3002357
REGN,16,0.2452940495614313,0.07306425182619065,0.055596383760051556,71.09330280480825,-0.2493533940590147,0.10695158970127136,0.08168735725115457,57.798165137614674,0.07397889090883503,0.09859248634837718,0.0788280434940089,59.817351598173516,0.1732390969991684,1.073842167854309,0.8580368757247925,16.670822381973267,2026-01-16,-3.198117
KEYS,24,0.8028500520810848,0.03644210340195066,0.02723736537668037,85.17458500286205,0.4924829976274281,0.05469578505087668,0.04279817538331624,73.39449541284404,-0.09842234437489261,0.09436841802376182,0.07495081030939241,59.817351598173516,0.11986827105283737,0.3733450174331665,0.33899328112602234,16.623324155807495,2026-01-16,10.151255
BRK-B,16,0.15081598651561456,0.05097617512727033,0.03640212510096519,66.3423010875787,0.09525143662450253,0.03514268509779183,0.027457861178071842,66.05504587155964,-0.17440133974522087,0.040407450160969825,0.03441000390640656,59.817351598173516,0.1568092554807663,0.8027285933494568,0.5201095938682556,19.19469118118286,2026-01-16,0.7249713
LNG,16,0.20684831462450293,0.07894399595666941,0.05455252683543293,66.49484536082474,-1.0685925671305734,0.09786691402958834,0.07585345989501253,24.770642201834864,-0.029924045232751828,0.05289426064386707,0.04128810857597265,59.3607305936073,0.1868095099925995,1.145103931427002,1.0354937314987183,21.642715454101562,2026-01-16,1.8091321
J,16,0.23793471898770713,0.06200198307232579,0.045364526304824015,65.71265025758443,0.039518406086036406,0.05597371576560085,0.044576635766469974,53.669724770642205,0.035529154703636046,0.06862769624553902,0.05537894271014661,59.3607305936073,0.17641706764698029,0.5791451930999756,0.55609130859375,22.820751905441284,2026-01-16,-2.2506058
AMAT,54,0.930192916124286,0.028988290241981483,0.02248355341128589,90.4352806414662,-0.31089790432992603,0.11164618499858729,0.0852662708443447,50.917431192660544,-0.2291933072745831,0.13978086056767614,0.10960386576505729,59.3607305936073,0.14489001035690308,0.8205935955047607,0.8133537769317627,55.59460997581482,2026-01-16,-3.452313
FANG,17,0.503635986621698,0.12555903563428333,0.07461281941418238,76.57502863688431,-0.04770175801515042,0.07230689007877879,0.05974484122461448,65.59633027522935,-0.428847114327787,0.08658775325461468,0.06502196042967288,59.174311926605505,0.1663275808095932,0.5700693130493164,0.31184864044189453,20.90269923210144,2026-01-16,-4.455799
ANET,26,0.8817510188194366,0.03914510799529828,0.03005120026014497,89.98282770463652,0.09728338723103469,0.10601442698653299,0.0831332122491005,66.97247706422019,0.1708671257144907,0.14159131957682305,0.11684753619622558,58.9041095890411,0.12624233961105347,0.7158418893814087,0.5821016430854797,25.8793523311615,2026-01-16,-0.41170716
BAC,18,0.5002072034547784,0.06517393913938514,0.04563721630972454,77.4526678141136,-0.021448175626021193,0.056593009990883444,0.04515872311591614,62.38532110091744,-0.23502913746614462,0.08281001636538868,0.06201022317086575,58.44748858447488,0.14789587259292603,0.6943988800048828,0.5498418211936951,21.032514810562134,2026-01-16,2.9898763
CAH,16,0.1574520422632758,0.07793038206446974,0.060730431325607674,67.20091585575273,0.003122746089584294,0.06309460245992358,0.05236467264367419,62.38532110091744,-0.2556707902769517,0.0967908569535896,0.07082384401198014,58.44748858447488,0.15885521471500397,0.9738055467605591,0.5954318046569824,18.168576955795288,2026-01-16,1.4191747
EW,20,0.7069132218009619,0.045012694343388504,0.03429311597101314,83.34287349742415,0.31389470621139715,0.09584609553019821,0.06618368210863546,69.5852534562212,-2.0389708185605926,0.08642105909596316,0.0668885803281714,58.44748858447488,0.1309850513935089,0.8721115589141846,0.6784781217575073,17.555262327194214,2026-01-16,-4.5310616
KO,16,0.3249695233421104,0.04256547559087068,0.028080166142076327,76.14678899082568,-0.28424037930052815,0.06017293725927754,0.05169244945793344,52.752293577981646,-0.06231270779381948,0.03469713038606467,0.026287784398643734,58.44748858447488,0.18792933225631714,1.2722474336624146,1.119461178779602,17.664215087890625,2026-01-16,1.6437411
HON,17,0.41315484330535257,0.051958877534732675,0.03600979793109164,75.12893982808023,-0.22442976705204365,0.05407202100226641,0.04483783481729506,58.256880733944946,-0.049481119205391666,0.059143858016046706,0.04714810168883436,58.44748858447488,0.1561669260263443,0.8977019786834717,0.6770087480545044,18.0980966091156,2026-01-16,-1.2885034
KMI,21,0.7131492323448669,0.044310155490665054,0.030620452059488365,78.91117478510029,-0.20175224661026037,0.06702531163224691,0.052365855027761074,76.14678899082568,-0.1004814135515053,0.04381212587516549,0.037201849562782247,57.99086757990868,0.1510729193687439,1.1443402767181396,0.6310685873031616,30.534385681152344,2026-01-16,0.55304766
BG,16,0.24534870447940582,0.07593748825632335,0.05542009703192265,70.84765177548682,-0.8068109454079222,0.090789683405008,0.07385613800614699,34.862385321100916,-0.1766042331999682,0.07719530334564317,0.06273851023977095,57.99086757990868,0.15119992196559906,1.2580375671386719,0.9494031667709351,16.63099193572998,2026-01-16,-0.8608997
AVTR,16,0.29923838853276497,0.07427546131428976,0.05713585220965485,69.07407407407408,-0.17389784067811176,0.12567597296313987,0.09483829854481327,71.64179104477611,0.01853094954594947,0.12494859926267635,0.09502818516524199,57.77777777777777,0.14040246605873108,1.340781331062317,0.7614609003067017,11.883517026901245,2026-01-16,-2.2597551
WST,20,0.6338383145035249,0.05436847444649955,0.04014089777899309,79.90841442472811,0.10789606984509192,0.11683943790784887,0.08577453868442232,57.798165137614674,-0.2739962792160122,0.10289195081732644,0.0774410900204858,57.534246575342465,0.13551916182041168,1.19621741771698,0.7775658369064331,19.08563995361328,2026-01-16,1.1147976
AMGN,45,0.9231205940637993,0.017934254682141493,0.013537136585881838,93.98625429553265,0.07446271210762445,0.07334333785528448,0.06029476069304635,59.63302752293578,-0.1601643725806472,0.07297486820014837,0.05666263269718934,57.534246575342465,0.10372070223093033,0.7623488903045654,0.7289644479751587,45.43205261230469,2026-01-16,4.074466
CMI,16,0.2914954016834953,0.06220226318234045,0.047053624887382774,71.66571265025759,-0.3487130994207157,0.06206690109177769,0.04933269844914609,56.88073394495413,-0.1350510830836842,0.10084683327124577,0.08514934445055028,57.077625570776256,0.15161743760108948,0.9896433353424072,0.7783519625663757,17.20104742050171,2026-01-16,-0.117111206
GS,18,0.4340227099193831,0.06500068318096691,0.04186449025205183,78.70635374928449,-0.1531004249733363,0.06563498821733883,0.05122796097439926,71.10091743119266,-0.32949846026141616,0.1043899441132261,0.07847526863507673,57.077625570776256,0.15545135736465454,0.7061647176742554,0.48736539483070374,17.331125259399414,2026-01-16,-0.1406312
MU,19,0.670507243704733,0.06852287509241566,0.051599995287316666,82.8080229226361,0.08633419104766504,0.12310719445908536,0.09198756492318329,63.76146788990825,-0.36767703200664403,0.21696394341281916,0.1843990681762354,57.077625570776256,0.12822623550891876,0.5726224780082703,0.5525270104408264,21.922045946121216,2026-01-16,-4.2772474
ELV,17,0.38977119526496684,0.05920936474470615,0.04324424300761005,72.3526044647968,-0.6627903550138328,0.09793506218965423,0.07014066247536738,47.706422018348626,-1.031187417665191,0.15476893339642125,0.10696978436217572,56.62100456621004,0.16271106898784637,1.4623687267303467,0.9565228819847107,23.395575046539307,2026-01-16,9.436285
TGT,16,0.22081691854144747,0.08657469854851942,0.06206291344617319,66.32302405498281,-0.21544355880499522,0.07972664988983907,0.06534623076317538,57.798165137614674,-0.30281860269361194,0.10771205581940427,0.09113730236400445,56.62100456621004,0.18002639710903168,0.7499876618385315,0.5683257579803467,15.669498443603516,2026-01-16,-3.7040174
OVV,16,0.2639203460218532,0.21191162709231393,0.12341290260721671,66.26575028636884,-0.0738006866120402,0.08241162209104871,0.0655160420141463,69.26605504587155,0.029749504600738885,0.09602717490124477,0.07839844900557288,56.62100456621004,0.20298044383525848,0.5487671494483948,0.333488404750824,18.94694185256958,2026-01-16,-3.8380027
AAPL,17,0.36071095279712184,0.0669358019428642,0.05109790003772472,73.94043528064147,-0.05707014639342112,0.06646511385814784,0.05221639739647429,69.26605504587155,-0.4244542715270052,0.0877996778915137,0.06755658026961556,56.62100456621004,0.12696629762649536,0.6615318059921265,0.5902735590934753,17.91916513442993,2026-01-16,2.715087
AVGO,24,0.8555998663115716,0.034081234825946716,0.0257042106656646,87.46422438465942,-0.04195240886020235,0.13466520399162427,0.10231663775880781,56.88073394495413,0.05104518665805091,0.12238271028856158,0.10294337601355757,56.16438356164384,0.16363587975502014,1.2403199672698975,1.0955559015274048,22.35776376724243,2026-01-16,-2.100718
BLK,16,0.20441240145424,0.07671203633346652,0.05642711927267502,64.91127647395535,-0.06075087471285978,0.05166422937740522,0.03936853227580071,73.39449541284404,-0.27804762632479396,0.07270614355682951,0.05456960483548465,56.16438356164384,0.1849476844072342,1.0443027019500732,0.587634801864624,20.05899453163147,2026-01-16,-4.733193
EA,17,0.4820249707650902,0.054915763182987,0.040672706911419,79.2215226101889,-0.020250446504156194,0.08305396125997144,0.06285352971530406,64.97695852534562,-0.4809891171494145,0.07528569783658398,0.05652572172472959,56.16438356164384,0.15646210312843323,0.8131228089332581,0.6568974256515503,16.82616901397705,2026-01-16,4.650581
EXC,16,0.14058444062135866,0.06009957937894799,0.040702018453257056,67.81214203894616,0.013805890783230357,0.053264542395699464,0.04495077173873033,52.752293577981646,-0.14613410383349157,0.0476751235669954,0.039281390302886514,56.16438356164384,0.1741538643836975,1.2918727397918701,0.8095296621322632,15.470325469970703,2026-01-16,2.0133376
BMY,16,0.34963644655179704,0.053348073693879706,0.03966136579426128,73.43660355708549,-0.6619964403626832,0.10363884082972716,0.09073569405898069,27.522935779816514,0.04474105864490985,0.08084833661222462,0.06385603245229919,55.96330275229357,0.16015522181987762,1.7007421255111694,1.414124846458435,16.968977689743042,2026-01-16,-6.1569033
COF,21,0.7436303962418639,0.05657649106357084,0.03853660279215075,83.05666857469949,-0.5115543873410615,0.08736551892272838,0.0648711337842525,56.42201834862385,-0.4188652818721148,0.10522625433432395,0.08006503905965237,55.70776255707762,0.15334859490394592,1.013429880142212,0.7232296466827393,21.405028820037842,2026-01-16,-4.6719074
INTU,21,0.7685534817632997,0.037748707683092235,0.028870380565088855,86.949055523755,-1.2858096689419942,0.09159103387838602,0.07545768128480533,37.61467889908257,-0.21246043217147514,0.08989536416979683,0.07664718248928329,55.70776255707762,0.15255126357078552,1.084678053855896,0.9334259033203125,19.876687049865723,2026-01-16,-8.053839
NDAQ,22,0.8375183729596061,0.027105327663450265,0.01992272879724341,88.602520045819,-1.1029405202303528,0.0702308941922967,0.05421601607679038,53.21100917431193,-0.45967066491814323,0.07920510177987695,0.06392920751198274,55.5045871559633,0.16242358088493347,0.9071123600006104,0.8000924587249756,23.76967477798462,2026-01-16,2.881837
BR,17,0.48293415411581964,0.049670837608548186,0.037153049158078016,75.2146536920435,0.03872572644757066,0.034916709065346906,0.02756411019522168,69.72477064220183,-0.434380715151623,0.054632295028513855,0.04348365226527457,55.25114155251142,0.1512838453054428,0.7296966910362244,0.45354393124580383,18.421361923217773,2026-01-16,3.3360124
VRTX,20,0.6613432396411414,0.04309910311875888,0.032097665365087395,79.90841442472811,0.2129185162977747,0.06685734623185832,0.05375315563669169,58.71559633027523,-0.24675186824366202,0.090227327540984,0.06433601724870854,55.25114155251142,0.17239737510681152,0.7870801091194153,0.6424133777618408,19.731882095336914,2026-01-16,-0.13979077
SBUX,20,0.4984293429410154,0.051592312695517825,0.03494520106636612,82.7033218785796,-0.1476740634377216,0.11463037609339793,0.09454252850426377,46.788990825688074,-0.2538551070445376,0.0924316506642049,0.07334351028864147,55.25114155251142,0.16954441368579865,1.40361487865448,1.3021215200424194,20.83895206451416,2026-01-16,3.9194942
BKNG,19,0.5440181987603236,0.06061742218808292,0.045183146011187905,77.20504009163804,-0.31056330628852513,0.08853861615788275,0.0715783466919611,53.21100917431193,-0.2773683221072776,0.08026382283062673,0.06066931083041003,55.25114155251142,0.1589585691690445,0.8680804371833801,0.7985042333602905,19.675509452819824,2026-01-16,7.805109
CEG,28,0.9124207403698968,0.04552496736803485,0.03456423727867087,88.70370370370371,0.052794062000543596,0.07422272213256739,0.06044940643575636,73.13432835820896,-3.422788517667576,0.2023922401799434,0.1701862073745634,55.072463768115945,0.15936864912509918,0.5571874380111694,0.43946564197540283,12.614879131317139,2026-01-16,28.702759
LH,16,0.28470504429658383,0.07097122691818192,0.0480676680659552,69.87399770904925,-0.16040161541810694,0.05637994281161365,0.0436927830890472,68.80733944954129,-0.12043941686704973,0.0634190517838169,0.052076704067804236,54.794520547945204,0.15716898441314697,0.5702192783355713,0.5096334218978882,17.23670196533203,2026-01-16,0.18601418
LLY,18,0.6049457939422102,0.04653140609349957,0.03468672562137781,79.4269340974212,-0.16561791937592418,0.09909265169040768,0.07600695496135433,70.64220183486239,-1.3405121215894185,0.16225475577665444,0.13274256346628946,54.794520547945204,0.12757571041584015,1.006210207939148,0.7276881337165833,25.194819450378418,2026-01-16,-1.9973218
CPB,29,0.8840374036313707,0.021123485379841857,0.01592198370191312,90.02293577981652,-0.5558228657671858,0.0703217147506852,0.059106800566274965,41.74311926605505,-0.9384459371368596,0.07273978415377351,0.05894558709037391,54.794520547945204,0.15721562504768372,1.0551632642745972,0.9715787768363953,30.574330806732178,2026-01-16,5.572808
XOM,20,0.7025486237037264,0.05019967233808365,0.03395146327791938,80.99599313108186,-0.39708774680479464,0.05565921160491573,0.04562773630853295,48.1651376146789,-1.3200394568812537,0.07432752142186844,0.05873894628407503,54.58715596330275,0.134027361869812,0.7509804368019104,0.5225418210029602,14.36966323852539,2026-01-16,-3.1936705
AFL,18,0.520929323494238,0.05330478042094153,0.03215271984475418,81.04238258877434,-0.11366143788717809,0.054875797655866566,0.0427255824487772,64.22018348623854,-1.8050502080547033,0.05944020223061228,0.046010193191764005,54.337899543378995,0.2538415789604187,0.8328707218170166,0.739054799079895,21.197518825531006,2026-01-16,0.9172797
AXON,16,0.1701292320410941,0.1260317557224988,0.09753855390508567,68.27033218785796,-0.037071505806653304,0.140886240128402,0.1161708445442309,69.72477064220183,-0.18229502731190594,0.1524888872976763,0.11774932015370344,54.337899543378995,0.16977357864379883,0.8126271367073059,0.7450118660926819,17.476261615753174,2026-01-16,12.26182
CMG,16,0.18474243538289514,0.09858799785683578,0.07425532232492821,63.93817973669147,-0.04784231126084393,0.08297909970570062,0.06216537440573692,59.63302752293578,-0.11322580640323898,0.1381864744354844,0.10758654462101216,53.88127853881278,0.18565212190151215,0.8248914480209351,0.5843798518180847,13.851769208908081,2026-01-16,0.8981347
NXPI,16,0.15488707451187467,0.09070136059353674,0.06432002192832052,67.69759450171821,-0.2391515742050374,0.07847064572528753,0.06218651073774254,42.201834862385326,0.08162686764971239,0.10174368499102455,0.08301834380070686,53.88127853881278,0.22456564009189606,0.9044453501701355,0.6796301007270813,20.932207822799683,2026-01-16,1.6305327
LKQ,16,0.46057657508513095,0.0719158620908979,0.05075580992059303,73.20711417096959,-0.41443735813981064,0.08072654342405329,0.0627994404211767,49.76958525345622,-0.3104184545846924,0.10156494278906476,0.0755385379975028,53.88127853881278,0.2191755175590515,1.0171109437942505,0.7601331472396851,23.462613582611084,2026-01-16,3.528881
NTAP,16,0.26776497020447865,0.0845374764895334,0.0637979360040313,68.46021751574128,-0.056572958426289066,0.07924468750174779,0.06440631322677265,51.8348623853211,-0.13357741803950596,0.1227335911312457,0.09431655046500557,53.88127853881278,0.2060733586549759,1.0122286081314087,0.7599695324897766,20.866965770721436,2026-01-16,-11.892759
TRMB,19,0.6493815575333215,0.06126908973756599,0.04312799040653088,83.20916905444126,-0.2858067159701283,0.08256243411190284,0.06643979287934902,52.752293577981646,-0.0771558865932136,0.09025777801997742,0.07399462729914531,53.88127853881278,0.17268545925617218,0.8901476263999939,0.7013149261474609,19.35671377182007,2026-01-16,-5.840617
MSFT,33,0.8836930111181636,0.021231740344491188,0.01588808564526981,92.04350314825415,-0.3717442133868767,0.06179274501443673,0.05036047340543965,58.256880733944946,-0.6222922705724168,0.0882858259479722,0.07196221633797001,53.42465753424658,0.17550073564052582,0.7964336276054382,0.7511383891105652,78.72552943229675,2026-01-16,11.019241
STE,19,0.4795360605541221,0.05111831909458462,0.03770455044173396,77.90497996565541,0.04804080755284201,0.05920478110494283,0.048966450874935896,53.669724770642205,0.01979634055382562,0.053795063900094434,0.04427539238375067,53.42465753424658,0.1805259883403778,0.8052982091903687,0.6514291167259216,18.96073079109192,2026-01-16,1.8867493
V,26,0.8338984289466836,0.02367228401533483,0.017281856373828074,90.72696050372066,-0.15908501161500466,0.0506560427438873,0.04130486490528437,64.6788990825688,-0.3087049505738295,0.05263089201597422,0.04401786664288852,53.42465753424658,0.1700156182050705,0.873674750328064,0.7469075918197632,24.23793077468872,2026-01-16,-3.437537
UNH,16,0.2722126542415879,0.053749469538102175,0.03999403606672107,70.57813394390384,-0.008266531265727295,0.08294549848921329,0.0625264923626455,60.09174311926605,-0.2055433537413014,0.1947388049900472,0.1357466336593577,53.42465753424658,0.20101025700569153,1.0680397748947144,0.8927038908004761,18.467775583267212,2026-01-16,5.9652686
META,23,0.8207319549383847,0.047168157337540005,0.03419423783797655,85.68975386376646,-0.260760060151058,0.0845869288874841,0.06162594850799584,69.72477064220183,-0.03683880493335456,0.11220046367706317,0.09279990777575764,53.42465753424658,0.1713797003030777,0.6389610171318054,0.49948036670684814,67.73145389556885,2026-01-16,0.5947113
PEP,17,0.2581321486253114,0.04138153932234038,0.030320469451316286,67.81214203894616,-0.32485655685965775,0.04991042410374341,0.039165003913834644,56.42201834862385,-0.13925784130975916,0.05852168982856461,0.04978691723788295,53.42465753424658,0.17996446788311005,0.8709443211555481,0.7156174778938293,18.465938806533813,2026-01-16,3.096521
PRU,18,0.48682442251984137,0.07183593702359328,0.045646872732858085,77.61877504293075,-0.4654561472869989,0.0685167156272495,0.055801046320215125,55.04587155963303,-1.3269879567385598,0.0827740908035044,0.06478379247695415,53.42465753424658,0.1895395815372467,0.7989017367362976,0.5848570466041565,21.068199634552002,2026-01-16,-2.3378193
MSI,23,0.7520173289785026,0.033127232851320326,0.02313004181943481,86.949055523755,-0.12304627092489784,0.053507374783498866,0.040379772017989805,72.01834862385321,-1.0269472872999907,0.09824142926012525,0.07873904549716357,53.42465753424658,0.15754026174545288,0.7182126641273499,0.6275352835655212,68.41499710083008,2026-01-16,6.641078
QCOM,21,0.7694969806578285,0.05229167835375824,0.03903186613590617,82.63610315186246,-0.5405239919315539,0.12107366230320744,0.09677871585135571,55.96330275229357,-2.354937815992322,0.13145050889015808,0.09579420044361535,53.42465753424658,0.12440834939479828,0.9788337349891663,0.8167008757591248,21.667762279510498,2026-01-16,4.113543
IP,28,0.8393643555564758,0.03290021410564822,0.023219101661864094,87.61467889908256,0.02064337216017531,0.09319974370963488,0.07474069786895192,58.256880733944946,-0.14766665042024374,0.10358359441442037,0.08063016379934362,53.42465753424658,0.13764101266860962,0.8798893094062805,0.834353506565094,26.12539052963257,2026-01-16,5.729401
GIS,27,0.8280239197530999,0.024062937526405988,0.01791486057684768,88.02292263610315,0.23589337122077447,0.04901361491332668,0.038490153391112385,73.85321100917432,-3.9810797328761254,0.0723069837709634,0.05345009307442783,53.21100917431193,0.14792905747890472,0.7274804711341858,0.4479301869869232,25.851022958755493,2026-01-16,1.6709447
DHR,20,0.6671886139594028,0.039642701727407643,0.03104599386688974,82.63610315186246,0.061694175976976906,0.07020819849853195,0.056743562864557257,73.39449541284404,-0.8950101924664602,0.08527264138534638,0.07264866974197204,53.21100917431193,0.1435275375843048,0.8663885593414307,0.6177371144294739,19.457215547561646,2026-01-16,6.8552256
PGR,25,0.8202733208771784,0.025725799801859364,0.019713586564066736,88.20835718374356,-0.32735616497898357,0.06826370971691659,0.05272447300472846,51.37614678899083,-1.3703044708435383,0.09354967848655261,0.07077496585340576,52.96803652968036,0.1253788024187088,0.8415126204490662,0.7502838373184204,24.17974305152893,2026-01-16,10.794163
ETN,16,0.1554693833053915,0.06911323206797769,0.050737064487222906,69.87399770904925,-0.36039592221714956,0.09144338522601222,0.0733842810846126,49.54128440366973,-0.28218315886093914,0.09664945808473069,0.08012371015855624,52.96803652968036,0.17437294125556946,1.0458146333694458,0.935901939868927,17.92269515991211,2026-01-16,7.56073
CSCO,16,0.3460591100218219,0.05611990696243645,0.04270574931712505,71.30584192439862,-0.5305654833020794,0.052450298961675496,0.04061185318829432,61.00917431192661,-0.18207410988128614,0.06395662224986468,0.052884920897558314,52.96803652968036,0.1597737818956375,0.9687879085540771,0.6221435070037842,16.890412092208862,2026-01-16,-3.0960143
ACGL,16,0.1489051078836554,0.07894694896202828,0.049346741920720257,64.90825688073394,-0.050087805556891185,0.06741838428242611,0.053754376528494414,55.5045871559633,-0.8281425500612503,0.05610278398055783,0.04594751326602651,52.96803652968036,0.1904374361038208,0.8132062554359436,0.7441786527633667,14.873281002044678,2026-01-16,-0.46820045
ECL,19,0.5765165914746525,0.04387935995529497,0.029278764486398885,78.98052691867125,0.04278917375468139,0.04142741188987563,0.034003832957711914,64.22018348623854,-0.45742795977591855,0.06185711669444102,0.050213685867763584,52.51141552511416,0.17945371568202972,0.7032453417778015,0.5860559940338135,18.152795553207397,2026-01-16,1.7097354
INTC,16,0.12112212060113414,0.08719248064962853,0.06727682675035385,61.45475372279496,0.0006461119110280356,0.18252191180486846,0.13451008776859782,43.57798165137615,-0.12293302972481679,0.15228685061494837,0.11470083378466575,52.51141552511416,0.16042529046535492,1.3686778545379639,1.1684730052947998,15.514212131500244,2026-01-16,-0.83969235
IDXX,26,0.8718662642600968,0.033486693450245,0.02474438999562662,89.63938179736691,-1.2269289451526988,0.09029024970904923,0.0721955719422454,64.22018348623854,-0.6581160616671478,0.12308138305064238,0.09568483523990078,52.51141552511416,0.11718049645423889,0.7754543423652649,0.6561921834945679,24.11991596221924,2026-01-16,-2.6864648
PLTR,24,0.8704857596066327,0.07291841254565248,0.05758314684281096,89.04109589041096,-1.6499547251020834,0.17838493204498737,0.15261108550677932,61.0,-6.069837378164072,0.25861888295769875,0.21753052635733755,52.475247524752476,0.1655115932226181,0.8861386775970459,0.7385765314102173,14.245295763015747,2026-01-16,29.944563
ODFL,17,0.393608839080672,0.06486849073245014,0.04958203599303852,75.10017172295363,0.16343329776281612,0.09108876204210448,0.07376883678577893,66.05504587155964,-1.2033280740120564,0.13918178821654556,0.11550916647664669,52.054794520547944,0.1609942466020584,0.8845189809799194,0.5840224623680115,20.238081216812134,2026-01-16,9.323608
MLM,16,0.18333484557557522,0.0762471428577013,0.05439929558111676,69.54779622209502,-0.07261351600646937,0.06783274924657845,0.05484673918207931,41.74311926605505,-0.013191738479157111,0.05462873783262739,0.04356054098989109,52.054794520547944,0.1439468264579773,0.7662916779518127,0.4661847949028015,46.541210889816284,2026-01-16,0.20860434
HLT,24,0.7751224612616245,0.04100415937467319,0.02917805371485265,84.87972508591065,-0.4835349016619208,0.05640202848548695,0.044504641946234484,62.84403669724771,0.038331189920791764,0.08056802868270871,0.06781689644903648,52.054794520547944,0.13824492692947388,0.7774586081504822,0.6837791204452515,23.54312491416931,2026-01-16,3.330624
CLX,17,0.3523705973643141,0.05249700250644403,0.038612889781645995,76.07326846021752,-0.11044452522993642,0.06714808579339375,0.05106814075633809,59.63302752293578,-1.2152049718829638,0.07366751256081076,0.05818458534646071,52.054794520547944,0.16724690794944763,0.9923595190048218,0.6480681896209717,23.437792539596558,2026-01-16,5.6212187
EQIX,21,0.7754659638610177,0.03380162380558462,0.025190145184017382,85.00286204922725,-0.5428946336456384,0.06157460187087607,0.04852683035367959,56.42201834862385,-0.9114359298088872,0.10241554897862783,0.08195048387299503,52.054794520547944,0.15405650436878204,0.7296411395072937,0.6050933003425598,21.82137370109558,2026-01-16,8.347166
AON,27,0.8747659179679825,0.024640836991442927,0.01815504353456935,88.6090440755581,0.19848967943903395,0.056808658505028024,0.0468305357883906,72.01834862385321,-1.7661617457475698,0.07146522599498314,0.05853602634477742,52.054794520547944,0.12876692414283752,0.709031343460083,0.6117235422134399,27.06197190284729,2026-01-16,2.8638005
JNJ,19,0.7483004235377503,0.024535561218527038,0.018874463378545085,81.68288494562105,0.008278584165486436,0.04861521883084603,0.03866217678496673,61.92660550458715,-1.7544207825637628,0.08031578452784147,0.05908298593162751,51.8348623853211,0.13026642799377441,0.71009761095047,0.6581679582595825,21.267173051834106,2026-01-16,-1.1675298
FLUT,29,0.8934530340870588,0.03629246765919903,0.02809460823443615,92.11009174311927,0.09652025280271892,0.08999478274497762,0.07616045257719532,69.11764705882352,-0.7525092220126264,0.1427656592533257,0.1159726919697603,51.82481751824818,0.09710693359375,0.5053554177284241,0.47535285353660583,13.489104509353638,2026-01-16,-4.925722
D,20,0.636921647009854,0.03670860547080248,0.02430902241122568,83.19954128440367,-0.6051418905069774,0.064128375060177,0.0509739139105448,62.38532110091744,-0.7035759450350771,0.04808919037009499,0.03973923152903904,51.37614678899083,0.15435358881950378,1.089448094367981,0.7957895398139954,19.425209999084473,2026-01-16,3.1034946
ALNY,18,0.4564059729347506,0.10117511380824985,0.07501833476677726,74.52776187750429,0.1625378570829138,0.14622848512768977,0.10771011020512274,42.201834862385326,-0.2060807589468474,0.13567881920838767,0.10689785539769324,51.37614678899083,0.1776808798313141,1.0208383798599243,0.895901620388031,20.752440690994263,2026-01-16,-5.33095
COST,16,0.23865545163946422,0.05523243470776855,0.04196939101517035,69.26159129937035,0.08291788918922316,0.05383536667609088,0.042552677359645165,83.02752293577981,-1.0671684569228583,0.07826203826415465,0.06368497498106727,51.141552511415526,0.16824740171432495,0.8145509958267212,0.6689879298210144,17.004563093185425,2026-01-16,8.04044
TRV,18,0.5220650586608973,0.045534345429678234,0.030238298627609808,78.47738981110474,-0.28933739227610733,0.06011535570749816,0.04391801808508084,59.63302752293578,-0.28803515559126325,0.048752602383473745,0.03934229003893049,51.141552511415526,0.17080454528331757,0.8250039219856262,0.6937384009361267,18.90562081336975,2026-01-16,2.0397544
TSLA,24,0.8907650127227227,0.06328508983122598,0.04859244292808932,88.6090440755581,-0.3509813904528509,0.2175618869090457,0.17774330881449518,61.92660550458715,-0.330675851212898,0.18008275901903328,0.14011900003924693,51.141552511415526,0.12639829516410828,0.9232390522956848,0.7962529063224792,23.41504979133606,2026-01-16,-5.6456146
TAP,24,0.8458381757727546,0.0328581462280359,0.025817159951434954,87.00629650829994,-0.08356747454970281,0.08198008923452167,0.06609548858575352,57.3394495412844,-0.4928467841897144,0.07142492731030298,0.05617698326748876,51.141552511415526,0.1310475915670395,0.9734547734260559,0.7165631055831909,23.56483817100525,2026-01-16,-7.754612
ADSK,16,0.3459186582069754,0.08098949835070589,0.06203534063394947,72.56586483390606,-0.2082609519735532,0.0859307758227113,0.0681828896710646,59.174311926605505,-0.07432275787959175,0.07513117055118274,0.061022518791100586,51.141552511415526,0.15773792564868927,1.0824952125549316,0.6901761889457703,13.83775281906128,2026-01-16,3.8202167
PLD,17,0.5626483179284778,0.05301244101232946,0.03763450495458915,77.63761467889908,-0.6129283481143437,0.10484850913252503,0.08412251243264142,60.550458715596335,-0.5774534108056448,0.08334420524634138,0.062466987898130474,51.141552511415526,0.1694060117006302,1.4415024518966675,1.1140739917755127,17.91137671470642,2026-01-16,1.750207
ADI,18,0.5311614078536324,0.05053162255973416,0.03932712102966049,76.74684994272624,-0.1813905555806643,0.07062384898179537,0.056566914557403446,56.88073394495413,-0.4458917835565308,0.12600447898871112,0.09527113263398851,51.141552511415526,0.17786510288715363,0.7053644061088562,0.6803596615791321,15.288260698318481,2026-01-16,-0.10331869
MOS,16,0.24503297880241293,0.12014163811749357,0.08637539346351121,70.48710601719198,-0.9146932451720153,0.09309696863430426,0.0727532612157295,65.59633027522935,-0.05336893186180225,0.1283991841886789,0.09877574722055807,51.141552511415526,0.16538669168949127,0.6107653975486755,0.4614228308200836,45.0786190032959,2026-01-16,-2.9816031
AXP,18,0.4525887572168845,0.06313278991095403,0.0411145589603815,77.96222095020035,-0.612515280694782,0.06284764262337568,0.05148324346585082,55.04587155963303,-0.2267631048363341,0.08998612630798537,0.0732455803203141,50.68493150684932,0.18228095769882202,0.9814678430557251,0.6866430044174194,18.006086111068726,2026-01-16,0.62687397
HOLX,17,0.3997725761591392,0.06906881381545098,0.04864520339052995,68.65329512893983,-0.4100074980241333,0.06189478501530641,0.046819385129133355,61.00917431192661,-1.7602299606230267,0.1033875594564789,0.0768235843197748,50.68493150684932,0.17252731323242188,0.8369437456130981,0.48933839797973633,20.586769104003906,2026-01-16,-5.7853518
TRGP,18,0.30522989341829865,0.17753729304801236,0.0774742019949721,76.58843732112193,-0.8697417910555059,0.10672130373990493,0.08706493429153704,58.256880733944946,-0.5947537874832316,0.0966664842471713,0.07550265174185325,50.68493150684932,0.2044527381658554,1.3416603803634644,0.7332242727279663,18.33228039741516,2026-01-16,5.6120634
MCO,16,0.24750010524091326,0.06646320634872362,0.04705073126069124,73.55466514024042,-0.04265955312506042,0.04688594485103354,0.03870945610477476,64.51612903225806,-0.11241527057096534,0.06687718569254889,0.0507078136416369,50.68493150684932,0.20911279320716858,0.7525475025177002,0.6202831268310547,33.010998487472534,2026-01-16,-0.9932339
CRH,17,0.2771841882812014,0.07391958495878806,0.05043832141248836,71.91977077363897,0.14387316664492844,0.0609447503775132,0.04963581242517575,69.72477064220183,-0.23668599174847937,0.09558175004940654,0.07655328215621363,50.68493150684932,0.13667963445186615,0.7459431290626526,0.5554590225219727,17.225582122802734,2026-01-16,4.7963977
CNC,16,0.22433589224096384,0.07217004662078429,0.053558486982936894,72.28915662650603,-0.10647304356252829,0.09404361755572274,0.07352766554572501,55.96330275229357,0.024550050446399574,0.21593510630194296,0.14638947048985854,50.68493150684932,0.17687775194644928,0.9728320240974426,0.7982121109962463,16.28575110435486,2026-01-16,-8.773243
XYL,16,0.14936761859698744,0.0733769253072398,0.05538262349835591,66.89576174112256,0.14773431604019716,0.054858790255950675,0.04256169627737726,51.8348623853211,-0.027345087975830573,0.06896869822142254,0.05197172690722837,50.2283105022831,0.14184653759002686,0.5555416941642761,0.41715967655181885,12.025726318359375,2026-01-16,-0.044882298
WMB,16,0.3525601531479532,0.07483545784491523,0.05048939331001247,73.94043528064147,-1.5813429882005083,0.08436607839548657,0.07114278157845616,34.403669724770644,-0.13851755354876638,0.05216768547016918,0.04108952052040765,50.2283105022831,0.1393410712480545,1.1217617988586426,1.0043917894363403,16.324251651763916,2026-01-16,0.3029704
URI,16,0.2944019134158977,0.10758076166720124,0.07844912540830619,73.32570120206069,-0.01836982588544478,0.09837717042051354,0.07795669588239179,51.8348623853211,-0.43521969278356676,0.1266673198241268,0.10652978157451347,50.2283105022831,0.133609801530838,0.7662728428840637,0.5384534597396851,16.16947293281555,2026-01-16,-9.489793
PNC,24,0.8658108823911155,0.03218453994839544,0.023906026855975253,86.72009158557528,0.15573441939002508,0.05904497977965487,0.04789520267822991,64.6788990825688,-0.34917632138592225,0.0995338565284568,0.08277734657300459,50.2283105022831,0.15765634179115295,0.7631707787513733,0.5743199586868286,23.197048664093018,2026-01-16,1.3404131
TEAM,16,0.03549041651330731,0.13512311505228758,0.09730069773774688,63.36576989124213,0.06727481649195921,0.1425124928338122,0.11921264002185471,59.63302752293578,-0.7244323578726222,0.15582260157264224,0.12553962042172281,50.2283105022831,0.19907326996326447,0.9402273297309875,0.7677581310272217,16.914942741394043,2026-01-16,-1.2513459
IRM,20,0.7667325206865285,0.037256059455313864,0.027253406162527097,84.756446991404,0.2702906908288977,0.07309579863965657,0.057061620613398145,78.89908256880734,-0.35808617863903436,0.11868597912324823,0.09648974494742639,49.77168949771689,0.1501510739326477,0.8045257329940796,0.49126899242401123,17.375492095947266,2026-01-16,12.632012
JBHT,21,0.7485597220095348,0.0391724730302833,0.030402969921276772,81.84421534936999,-0.13349483683152386,0.069980227820651,0.056004528180131574,66.05504587155964,-0.12591596540340233,0.11351085583796938,0.09564038478589228,49.77168949771689,0.13163921236991882,0.671391487121582,0.54937744140625,23.05654215812683,2026-01-16,0.50861835
COO,16,0.17003048942209864,0.06686003482416857,0.04986686373741872,66.62850601030338,0.027929637024054155,0.07314386742421021,0.0586225317666172,50.917431192660544,-0.08991127458810921,0.08894450658547248,0.06886034993045662,49.54128440366973,0.16593894362449646,0.8356828689575195,0.6396162509918213,20.170116901397705,2026-01-16,5.0491214
COP,16,0.24252018680843346,0.10633571474116806,0.07019454259196543,67.20091585575273,-0.26632208477165875,0.06319909871186925,0.05225643825842726,49.76958525345622,-0.0946591122631848,0.06598665665758166,0.05372391756319032,49.31506849315068,0.16758444905281067,0.9601981043815613,0.422683984041214,16.89510202407837,2026-01-16,-0.15470982
KMX,16,0.2531132938486301,0.10358294420281883,0.0733140178328573,65.80756013745705,0.1381523951344058,0.08253981040159616,0.06713290677120044,61.92660550458715,-0.48732467662909396,0.16519164193924596,0.13799337484251226,49.31506849315068,0.14906644821166992,0.6663586497306824,0.5586692690849304,22.591064929962158,2026-01-16,-3.9625764
HUBS,35,0.9134309552102593,0.03962763287813233,0.03003890377770644,90.893470790378,-0.6381404779217041,0.14342684910521733,0.11000383433273499,56.42201834862385,-0.6041063580083543,0.1674238089360608,0.13647158108320864,48.858447488584474,0.1473836451768875,0.9056872725486755,0.8961660265922546,34.69483804702759,2026-01-16,3.4937859
C,21,0.561060437054903,0.06939767057604679,0.04224589162041423,83.05666857469949,-0.250786166330071,0.07358311817119978,0.057642911940283405,61.92660550458715,-0.34427854995510265,0.10980213010846518,0.09287904002284277,48.858447488584474,0.17447344958782196,0.7270255088806152,0.6566436290740967,26.64030122756958,2026-01-16,-4.987359
BK,22,0.8439709933797455,0.03135554988322179,0.024022272179266172,87.17801946193474,-0.3317742703591158,0.04865889159149289,0.03893313345198095,67.88990825688074,-0.7859709552339407,0.07901550591059214,0.06042125107866668,48.858447488584474,0.12931953370571136,0.6121400594711304,0.4934510886669159,22.145692110061646,2026-01-16,3.6231518
UBER,19,0.6732401817043414,0.07555283794681082,0.0591771859737468,81.23844731977819,-0.15453394846786717,0.11947756689897676,0.0977964446443233,67.4074074074074,-3.0700016477404626,0.12855595458197652,0.09543444761726716,48.529411764705884,0.13658243417739868,0.6400641202926636,0.5785330533981323,14.394188404083252,2026-01-16,13.572609
PWR,20,0.7738212627465131,0.04414720711015462,0.03333652179260359,88.14432989690721,0.10459105836733917,0.07992970816249619,0.06480272291635006,56.42201834862385,-0.5908768509240045,0.11885345325521654,0.09448270889345793,48.401826484018265,0.15133142471313477,0.9794260859489441,0.616081953048706,37.48715353012085,2026-01-16,-8.451664
TXN,26,0.869149385815903,0.024079400364799507,0.018418925492551072,89.00973096737263,-0.32076874809712663,0.07013621577405835,0.05735803274477129,58.71559633027523,-0.30321862888352036,0.12842944914893945,0.11012790949469475,48.401826484018265,0.13735930621623993,0.8308366537094116,0.774388313293457,26.6180739402771,2026-01-16,-5.962282
VEEV,16,0.25575838580370147,0.09087660093383676,0.0699223237421971,68.46021751574128,-0.14353793488650268,0.08431122706320841,0.0688206463382184,47.24770642201835,-0.11498186585364967,0.10506765545905153,0.07425206813380168,48.401826484018265,0.17010274529457092,0.7454929351806641,0.6066064238548279,16.79474687576294,2026-01-16,-5.458379
IR,21,0.690133531811147,0.05869782783134501,0.03966286922529622,83.69272237196765,0.05151963298294182,0.07860517653190492,0.06106638006343016,69.1891891891892,-1.8818074177483308,0.11412454369473116,0.08743663506981655,48.1283422459893,0.15848618745803833,0.6732842326164246,0.5329795479774475,22.046231985092163,2026-01-16,2.2037387
WTW,31,0.907401701609064,0.01977211107802551,0.014665979298619718,91.23711340206185,-0.11759197200299787,0.0403961598052549,0.03164272158115943,67.43119266055045,-1.4669429579144126,0.07009915245223138,0.05709625969712862,47.94520547945205,0.12359752506017685,0.6005164980888367,0.5171740055084229,19.961406469345093,2026-01-16,-3.720665
LIN,16,0.24492435360524634,0.05532832327352099,0.038970805875505395,70.2176403207331,-0.2953049439893076,0.05047420205799424,0.03680561612517203,64.0552995391705,-0.9260045341399081,0.06265975728008613,0.047183429780448816,47.94520547945205,0.16202102601528168,0.8431763052940369,0.5594750642776489,20.050265789031982,2026-01-16,3.260386
SNPS,16,0.23901907814635082,0.07324044251320784,0.05579491570204855,69.89124212936463,-0.34895331675943964,0.09787226911465836,0.0794622752090514,45.412844036697244,-0.11419304815203968,0.15648489145772349,0.12886709469439367,47.94520547945205,0.17691361904144287,1.3083407878875732,0.8520918488502502,16.16391921043396,2026-01-16,0.24257898
AMT,16,0.24829696043718297,0.0626896855844335,0.04752049659188259,69.31883228391528,-0.09937619666101716,0.08173047935555183,0.0677591097922907,46.788990825688074,-0.37080476649317884,0.06113820135070328,0.04904118937390137,47.94520547945205,0.13429808616638184,1.0034860372543335,0.8379584550857544,18.399852752685547,2026-01-16,-4.0676236
SLB,17,0.2948623397636213,0.12090647152320147,0.0801260936853409,72.58156840297653,-0.20643060753320763,0.08139901314183426,0.06621785942088014,63.76146788990825,-0.69391172116904,0.11297714873916195,0.0849265120980576,47.706422018348626,0.17632627487182617,0.7492755055427551,0.5044684410095215,19.912226676940918,2026-01-16,-5.7143507
FOX,22,0.7838704317847512,0.03372423534788716,0.025809645370583938,88.60986547085203,0.09710588298597844,0.07253319394200583,0.059794433040738074,61.87050359712231,-1.462810114821853,0.07824130119152851,0.06185537107606318,47.5177304964539,0.1623242199420929,0.9097346067428589,0.6535063982009888,10.568214893341064,2026-01-16,2.1690726
MTD,18,0.3892617456145735,0.06263088423864221,0.048188133252638266,73.32570120206069,0.30426134319032383,0.0679267314412706,0.05193337657358567,71.10091743119266,-0.29965244632547305,0.09145313251912011,0.06879168874485657,47.48858447488584,0.12471486628055573,0.6578508019447327,0.4287896454334259,22.35062861442566,2026-01-16,4.601741
HPQ,17,0.3163082782094563,0.07453573580259056,0.05284694208404865,76.77752293577981,-0.05084632679614609,0.08439540914797808,0.06470904723058837,50.23041474654379,-0.2293804720744439,0.12001325120375005,0.09848282135753327,47.48858447488584,0.16294561326503754,0.8592533469200134,0.7756761312484741,16.295177698135376,2026-01-16,1.6613364
WY,17,0.3085804100170617,0.07736965659237896,0.0494258802918455,70.35550458715596,-0.03178691258157351,0.0726378390295624,0.05605719817092143,61.00917431192661,-0.865143201262857,0.08901379958820141,0.07030351356824757,47.48858447488584,0.2130594104528427,0.7969375848770142,0.5970138311386108,11.327271461486816,2026-01-16,-0.3142655
MRVL,17,0.4453967936589637,0.0876879861068603,0.0663947818363274,76.04584527220631,-0.032283519761530766,0.1242861230073033,0.10295301433300764,50.917431192660544,-0.14621964357911588,0.20144715844003436,0.15593712068002008,47.48858447488584,0.13264885544776917,0.8818800449371338,0.7550783157348633,51.01431059837341,2026-01-16,-7.1531773
BXP,16,0.08097857573867084,0.09188864392906047,0.06143085337458173,62.600229095074454,-0.04738993939025371,0.07623169775096635,0.0638322259358699,47.706422018348626,-0.006883240361249099,0.06815427200723279,0.055766402483750706,47.48858447488584,0.24133314192295074,1.1181528568267822,0.8524466753005981,20.59165906906128,2026-01-16,1.4288187
GILD,30,0.9033344012644997,0.019630302991084564,0.015040583851791864,88.8316151202749,-2.002338283356473,0.10859367707085475,0.09422197027010408,33.48623853211009,-1.5239495280522601,0.08608647418726609,0.07038988505105333,47.48858447488584,0.1285163015127182,1.494700312614441,1.4172782897949219,19.3541362285614,2026-01-16,-7.6323566
WFC,19,0.6470030520198893,0.05772576666361744,0.04167612375191862,76.67621776504298,0.030831761429560234,0.08089848011912233,0.06507025646199238,64.22018348623854,-0.529538132414987,0.09293370889528714,0.07617521077589091,47.48858447488584,0.1849866807460785,0.7137007117271423,0.6886487007141113,20.5966055393219,2026-01-16,-0.6364465
FERG,18,0.5385276384268785,0.06973881335185897,0.04830488516541503,80.20108275328694,-0.9243540711089129,0.11877978061000027,0.08570441009921338,44.72049689440994,-0.31369683534179615,0.09160950298567784,0.0781378315147623,47.239263803680984,0.1820324957370758,1.023681402206421,0.9574898481369019,10.237794637680054,2026-01-16,-4.6123147
COIN,17,0.4093711169757177,0.19938873102752125,0.15607210394392523,71.69540229885058,0.05588248086774039,0.22658895871220022,0.1827790476038656,67.81609195402298,-1.1307486993487688,0.20370782180504843,0.16363138927141674,47.12643678160919,0.1226494237780571,0.7767849564552307,0.5113950371742249,11.164427995681763,2026-01-16,6.1050296
UNP,16,0.2161399529289726,0.06216370882212574,0.044810249974888576,69.60503720663995,-0.017652659220916078,0.049183064706757255,0.04109229838354224,55.96330275229357,-0.2959190089905859,0.05901380817345354,0.04680396209613296,47.03196347031963,0.19802254438400269,0.9842368960380554,0.6441542506217957,18.508150815963745,2026-01-16,0.94600916
HUM,30,0.8718381801936679,0.029861795099745746,0.021064012535715358,89.06697195191757,0.16939246497438587,0.11290857633540448,0.09097901203674034,69.72477064220183,-0.15242563732476655,0.12619273416590435,0.09921587318023321,47.03196347031963,0.11845248937606812,1.015131950378418,0.8644931316375732,26.663172245025635,2026-01-16,1.7940164
HRL,23,0.8401736490344411,0.023523710866987273,0.017850539121182042,86.31156930126002,-0.07058465443535211,0.061591065707771335,0.046786849306644035,56.88073394495413,-0.29776917203487074,0.06958777415116926,0.05312763376367149,47.03196347031963,0.16484016180038452,0.9232556223869324,0.7443187832832336,28.535786390304565,2026-01-16,1.8083215
FSLR,17,0.4795050811611504,0.09788648338734512,0.0733699041897766,76.27507163323783,-0.050838434404580246,0.16670286733849832,0.12715934332947973,53.21100917431193,-0.5426482148153109,0.1499843208764689,0.1228718320600455,47.03196347031963,0.1477641761302948,1.0222392082214355,0.8579525947570801,12.032910585403442,2026-01-16,7.079935
GWW,16,0.21331393599137338,0.07345722792938084,0.05543576679098517,71.30584192439862,0.08445802058964935,0.062218120406947214,0.05106083645583061,66.05504587155964,-0.22999858874528556,0.06016232313352346,0.05116904942865666,47.03196347031963,0.14027930796146393,0.8380481004714966,0.5222551822662354,16.248915672302246,2026-01-16,2.210176
FICO,17,0.43912872401009284,0.07545110716127693,0.05070195355885485,77.5615340583858,0.1418111717461631,0.0929359536551999,0.07699886780447686,77.06422018348624,-1.117707525075641,0.17165707442230582,0.13797443112935975,46.57534246575342,0.18602734804153442,0.883234977722168,0.8078502416610718,12.034462451934814,2026-01-16,14.165497
CHRW,18,0.5388701384862112,0.04834745632111568,0.035404646038914626,78.69415807560138,-0.15896904926943956,0.07445830453957057,0.058541866260052325,69.26605504587155,-1.131694447747913,0.12874971993925724,0.10089204166888001,46.118721461187214,0.14960825443267822,0.8009740114212036,0.6258610486984253,21.0665500164032,2026-01-16,0.16186237
DIS,16,0.21758106568380642,0.07593114272234656,0.05331973586962573,65.08299942759015,0.1570956393635191,0.06970148318767927,0.05197103305964096,64.22018348623854,-0.23845578091733932,0.11607613542837104,0.08700291866786447,46.118721461187214,0.21488705277442932,1.329757571220398,0.648322343826294,14.35283899307251,2026-01-16,-0.85070133
WAT,17,0.4471646267410261,0.058707083719300036,0.044902383973362006,76.47395535203205,-0.26717729745677676,0.10123295727254254,0.081771815258399,44.03669724770643,-0.284477693755953,0.10979625259374663,0.08451482778812595,46.118721461187214,0.11764012277126312,1.017709732055664,0.979197084903717,17.851965188980103,2026-01-16,4.440844
TWLO,17,0.34174179603868027,0.14105850185928456,0.10279942500298868,72.50300842358605,-0.40991771350466855,0.19050727884697471,0.14714638604976338,38.64734299516908,-0.36172719242419227,0.1605921884828917,0.13380075898710841,45.933014354066984,0.1694653481245041,1.4074290990829468,1.0205951929092407,18.698864936828613,2026-01-16,-6.1942873
HBAN,16,0.2217716574170584,0.0903058058555278,0.06019592607295953,69.97134670487107,-0.07894892950353039,0.07765166544241754,0.0628630400277804,55.76036866359447,-0.19254739064384085,0.09611129165854707,0.0795644166689187,45.87155963302752,0.18309286236763,0.8620578050613403,0.7318841814994812,12.849948644638062,2026-01-16,-3.2171905
DLR,19,0.626768878299752,0.04379606536050604,0.03388134643753555,81.33943903835146,-0.23209328638532867,0.06692634668289665,0.05407648203295217,65.13761467889908,-0.25124300541887856,0.07544905493653532,0.06183976201176828,45.662100456621005,0.13884569704532623,0.8899697661399841,0.6436641812324524,20.432185649871826,2026-01-16,3.0531168
TSCO,21,0.7818405880403663,0.03750322185053938,0.0291092475730994,87.39977090492555,-0.12347600788048174,0.05932910075128177,0.048018536856694494,66.05504587155964,-1.2840301772330873,0.09310527736880254,0.07888180719031902,45.20547945205479,0.12124084681272507,0.6045495271682739,0.476777583360672,20.152676343917847,2026-01-16,8.190334
IQV,29,0.8868957278207826,0.030314554983958495,0.022123148535156904,87.17067583046965,-0.20011723960351468,0.06922994021615311,0.05835239046328164,64.22018348623854,-1.5167965581001255,0.165661661068034,0.12814551369718952,44.74885844748858,0.1382371485233307,0.7117129564285278,0.5979257822036743,26.78793454170227,2026-01-16,6.8791986
DECK,16,0.1661049712476439,0.09949834231965736,0.07331872989494574,67.60160274756726,0.07961373564227625,0.1418721975057892,0.10046457979448835,57.3394495412844,-0.30816114635788927,0.16947642840120572,0.14179672684228747,44.74885844748858,0.18925119936466217,0.9880673289299011,0.6524626016616821,16.378809213638306,2026-01-16,3.4577847
A,18,0.390521737575353,0.056448913652798874,0.04293737983786383,75.37227949599084,0.03663011407412042,0.071780096029644,0.060060251560236005,55.96330275229357,-0.23604928669762892,0.09767384577088915,0.08058278651111034,44.74885844748858,0.14936307072639465,0.7665433287620544,0.6994122266769409,11.348042726516724,2026-01-16,2.6563883
NFLX,18,0.49423315809841695,0.09515039950849073,0.06248374165639812,78.64911276473954,-0.28159882039083906,0.0913352521364062,0.06780522151518058,61.46788990825688,-0.9161057909485921,0.13288215847962162,0.10759727741798539,44.74885844748858,0.17054755985736847,0.8664502501487732,0.5984579920768738,20.99986219406128,2026-01-16,-7.769698
PEG,19,0.710572544951009,0.033697631977999326,0.023482754727617083,82.97994269340975,-0.6395836059201925,0.06882305701246132,0.0557404582331789,26.146788990825687,-2.120938778044196,0.06758131377081386,0.057538262232080424,44.74885844748858,0.1534319818019867,1.263770580291748,1.0615336894989014,25.811938047409058,2026-01-16,7.306719
PPG,16,0.13551196236100171,0.07142211873973689,0.05188109680888975,59.87406983400114,-0.3166521315043267,0.046460063826480213,0.03613905639136506,54.83870967741935,-0.03682430955200666,0.06891238714020297,0.05600066494402397,44.74885844748858,0.17160664498806,1.0028876066207886,0.6002449989318848,17.444193363189697,2026-01-16,-1.2860179
SYY,31,0.918452790666638,0.025817296661034408,0.017967278899048863,90.72696050372066,-1.2468124047588436,0.0623232540592914,0.04875107991335541,57.6036866359447,-6.095058141514837,0.10817666677270811,0.06975460305978885,44.74885844748858,0.14920896291732788,0.7712744474411011,0.6608882546424866,31.00507426261902,2026-01-16,0.8222699
FI,30,0.8788469872278745,0.02248287297569871,0.01634494353823809,90.70034443168772,-0.3668915860897082,0.06498468283335965,0.05118561287196355,53.91705069124424,-0.6032902789869286,0.2600326855440682,0.16301895084992968,44.74885844748858,0.164759561419487,0.7412985563278198,0.7247675061225891,20.529611349105835,2026-01-09,6.244886
CBRE,17,0.3088031256677968,0.07941960045317509,0.0517111920357092,76.3323782234957,-0.6487164177164657,0.09506326843671402,0.06846181388607489,57.798165137614674,-0.6052990387627202,0.08922741076227116,0.07382273899521632,44.29223744292237,0.19693726301193237,1.0923397541046143,0.9121490716934204,19.03424382209778,2026-01-16,2.9335856
DE,20,0.6924620400911289,0.046628727356261813,0.03329640782152376,85.9187178019462,-0.32769172176322026,0.07436979292644533,0.059966747651724245,58.256880733944946,-1.4805073210679685,0.08319746886865374,0.0634689933656404,44.29223744292237,0.11966292560100555,0.7143035531044006,0.5985227823257446,22.095144748687744,2026-01-16,4.187596
AIZ,17,0.1726449313154349,0.06712436439676052,0.04718306849959811,66.68574699484832,0.2185558853359807,0.0543979735573886,0.04104634014649096,65.59633027522935,-0.6378044212339928,0.07938943817186878,0.0641310708031648,44.29223744292237,0.1957872360944748,0.6648401618003845,0.4986712336540222,16.20339345932007,2026-01-16,0.12558699
PYPL,16,0.3468341448460953,0.09453989658200769,0.06956193708087052,71.55123068116772,-0.18390068862844244,0.0964371736044741,0.06828006020142498,54.83870967741935,-0.3844295014761081,0.09517433198065843,0.07912023608695617,43.83561643835616,0.13935677707195282,0.7820739150047302,0.658746063709259,17.120830535888672,2026-01-16,-2.8057337
IEX,19,0.6494896932680629,0.03903164331953942,0.028872135464460585,75.2146536920435,-0.34000084445934675,0.07535784715375554,0.06127641579577941,43.57798165137615,-0.8085255772473752,0.0899387220562912,0.06961066075405702,43.83561643835616,0.14698946475982666,0.9236928224563599,0.8802136182785034,18.330462217330933,2026-01-16,2.813065
BKR,16,0.25986241981166136,0.11492225881068951,0.08225349707681541,71.40401146131805,-0.7409006972899395,0.0933425668638307,0.07149469143279251,46.330275229357795,-0.36523075733961163,0.09629503955422446,0.07418796960454004,43.83561643835616,0.14828848838806152,0.7874386310577393,0.7001851201057434,14.23349404335022,2026-01-16,-1.3891101
CCI,22,0.7537814399022336,0.035592195514114425,0.02645587923955752,84.2587292501431,-0.8742236967484958,0.09832211402487533,0.08179877443634799,39.908256880733944,-1.4432526432825012,0.09616923114734648,0.07585304585347039,43.83561643835616,0.13018162548542023,1.3608324527740479,1.0787181854248047,24.878397941589355,2026-01-16,-7.975334
LII,25,0.8434524650065678,0.03104405326821365,0.023663650039563194,88.72352604464797,-0.016779202137745308,0.0510460024568141,0.041845793036013774,63.76146788990825,-0.772202719167774,0.0986824324126188,0.08049815787434733,43.83561643835616,0.14074106514453888,0.6484405994415283,0.5274351239204407,29.760446310043335,2026-01-16,-1.8581212
SPGI,22,0.7492343690299077,0.03660309664854525,0.026014101870499854,89.23253150057275,0.005882516808103144,0.04340616926058021,0.03507319795372831,71.10091743119266,-0.4034662095661572,0.07564050932358936,0.06087271828707691,43.37899543378995,0.14279070496559143,0.7211804389953613,0.5435513257980347,24.120964288711548,2026-01-16,4.6485066
PANW,17,0.29905523863214256,0.09458367275288997,0.06779410568187647,74.58500286204924,-0.13392179666398873,0.07526595482864996,0.059966288520971585,69.72477064220183,-0.25918461011035165,0.10074610888170595,0.08040345728585295,43.37899543378995,0.19124728441238403,1.001359462738037,0.6773196458816528,19.53311562538147,2026-01-16,7.756996
SNOW,30,0.9102745853607412,0.04786918231586075,0.03630745637973732,89.64241676942046,0.2996178544098529,0.11347875979757573,0.10269471181075186,72.27722772277228,-0.8955289189690554,0.15205185505265625,0.123876409563197,43.13725490196079,0.1209786981344223,0.5686739683151245,0.4041840136051178,18.046828508377075,2026-01-16,-3.8057506
MET,21,0.720200363392195,0.049139116188721174,0.03242819257595234,82.4742268041237,-0.06991671989978787,0.05295509814146778,0.04263281722948194,55.04587155963303,-0.33993872472885633,0.06635286015098879,0.05419268810779272,43.11926605504588,0.15475042164325714,0.6837775111198425,0.568038284778595,45.65631866455078,2026-01-16,4.6999574
FDS,25,0.8812366825074397,0.023272408252434543,0.0177439979140388,90.6643757159221,-0.40899483401772874,0.060471710083775686,0.04957542288375546,52.53456221198156,-0.9216169781888266,0.130410993680338,0.10432784783153097,42.922374429223744,0.11501465737819672,0.7966281175613403,0.6887414455413818,30.804633617401123,2026-01-16,14.755607
DT,18,0.5154607833716736,0.07523329082746001,0.05661224145621105,78.42003853564547,-0.09501794198070534,0.1384281782465014,0.11422324104251386,61.240310077519375,-3.412430462619307,0.10575650396296138,0.07897020195986106,42.74809160305343,0.15088780224323273,1.0820214748382568,0.9812208414077759,12.968399286270142,2026-01-16,10.852218
IBM,18,0.4334680192601401,0.05442239511598661,0.04214067863965091,66.72394043528064,-0.17968973587424308,0.08602050023433237,0.07373598938254228,56.42201834862385,-0.006444536244184063,0.08292904912592725,0.06588903206768636,42.465753424657535,0.1939759999513626,1.2011269330978394,1.0145657062530518,37.02310490608215,2026-01-16,-1.7414868
ADBE,16,0.29988530614185915,0.07837017113355481,0.0572145910496371,72.45131729667811,-0.29030550055152937,0.11113868701268514,0.09049938611379153,44.4954128440367,-1.0058714472411516,0.12250050985586514,0.10313969328607964,42.465753424657535,0.1617564857006073,1.047012209892273,0.87184739112854,13.539829015731812,2026-01-16,-0.6563723
ISRG,21,0.7514208140126414,0.046571144307853744,0.035471441549431805,86.31940469376073,-0.8269936392317712,0.06334508302702191,0.04614267246784955,63.30275229357798,-1.092351842786881,0.1500813035513569,0.12121504942719014,42.465753424657535,0.14197546243667603,0.6450472474098206,0.49057596921920776,16.248342990875244,2026-01-16,1.5939236
MKC,16,0.3222510362524146,0.0574737183195346,0.04349278368276585,67.02919290211791,-0.20209085454815656,0.06445044613735132,0.053499890538164376,43.57798165137615,-0.4741488330498915,0.05148266424362443,0.04206552436695046,42.201834862385326,0.17272615432739258,0.7621722221374512,0.6847448945045471,43.02347731590271,2026-01-16,2.3819566
ABBV,16,0.21792453601431816,0.06886620028216721,0.05264455734063173,66.89576174112256,-0.3300479103136795,0.08104372345499629,0.06337413253112245,48.62385321100918,-0.7187609753551758,0.08902561688619928,0.06757417438044792,42.201834862385326,0.14375409483909607,1.1596797704696655,0.9504744410514832,13.754656791687012,2026-01-16,0.7615328
OC,21,0.7611113442788362,0.050393252692453795,0.03656791320672951,85.79610538373424,0.16372444092006844,0.07997136776772236,0.06106488395171405,72.47706422018348,-0.7733506969233941,0.13292062397218968,0.10808549718451638,42.00913242009132,0.13461360335350037,0.5434882640838623,0.48688772320747375,25.2279212474823,2026-01-16,-10.730446
KMB,21,0.7761573787887579,0.024382997162400832,0.018049635019590175,85.97595878649112,-0.06409859380074812,0.0478584463356928,0.03777622314961751,58.71559633027523,-0.9998583515216999,0.08386406885513567,0.06500763390215408,42.00913242009132,0.14872890710830688,0.7819133996963501,0.6340433359146118,24.10430073738098,2026-01-16,5.2511334
RJF,20,0.6854929757005321,0.048551301452771554,0.035876776853568264,82.31253577561533,-0.6961565810472277,0.10915439462883013,0.08707713106991022,36.23853211009174,-0.5703321476461147,0.08380546986398035,0.06535525445392595,42.00913242009132,0.1636153906583786,0.9925581216812134,0.9846591949462891,21.211382389068604,2026-01-16,-0.9803355
MRNA,19,0.763842956820418,0.11078641554234121,0.0872083603108046,86.81506849315068,-1.4768193125176041,0.2209349011188252,0.18112710260138215,45.89041095890411,-1.0329121782250263,0.23236650654709304,0.1883133259096584,41.78082191780822,0.11651039123535156,0.92417973279953,0.760078489780426,40.972545862197876,2026-01-16,-2.583456
FIS,31,0.8780490656349335,0.02813432516713015,0.01960874396922002,90.32627361190613,-0.27385034920914464,0.06905792645113602,0.05256232842527866,58.256880733944946,-1.0427055738358297,0.09540407128444747,0.08249239559208495,41.74311926605505,0.151434987783432,0.8596736192703247,0.6702984571456909,20.728487253189087,2026-01-16,-8.229369
AJG,21,0.7714844634176752,0.029308763622995095,0.02093977952501573,86.72009158557528,0.08731238572217703,0.05068408632222695,0.04014093751813889,71.10091743119266,-2.2407512575904605,0.11803297389673212,0.09499670770157478,41.55251141552511,0.1578676998615265,0.7944134473800659,0.5652469992637634,20.931663274765015,2026-01-16,9.565258
DXCM,20,0.8177251396529801,0.06251363431920584,0.047986332664012095,84.6021751574127,0.023622311097531767,0.14920732997241304,0.10471004390537661,64.6788990825688,-0.29045231320236353,0.14673973739011417,0.1194154738235832,41.55251141552511,0.14069750905036926,0.7721249461174011,0.650791347026825,19.008379697799683,2026-01-16,-1.0846794
PFE,16,0.22855524641284386,0.06307095604190835,0.048343700014771646,69.5702005730659,-0.4382138925970236,0.07061325710883881,0.05506154725536212,46.54377880184332,-0.28393271016351496,0.06838189548713151,0.057766123415724284,41.55251141552511,0.14487598836421967,1.0615097284317017,0.8362207412719727,17.514259815216064,2026-01-16,-3.7564993
AMZN,16,0.24190358150175395,0.07965851912001333,0.059266576933231396,72.12364052661707,0.010868569399638539,0.06948366095244005,0.053538368434380514,65.13761467889908,-0.3212835195591617,0.09203124131582531,0.07480426329650014,41.55251141552511,0.19060717523097992,0.9094720482826233,0.6788672804832458,16.944276809692383,2026-01-16,1.0389686
IT,17,0.46050053306609795,0.07082823989460164,0.0457508112821362,78.64911276473954,-0.7205936991951398,0.07105442747732103,0.05856842657800388,50.917431192660544,-1.472404294473252,0.2179089486341476,0.1820519027305433,41.0958904109589,0.17133978009223938,1.0639208555221558,0.6580553650856018,19.88933801651001,2026-01-16,18.553389
SYK,16,0.14139738977794125,0.06618957130427466,0.045687026184650925,67.41122565864835,0.03556881138463319,0.050583723803220466,0.04133564947733711,63.30275229357798,-0.08921447072209276,0.04718986628937544,0.03873066677058654,40.63926940639269,0.18944816291332245,0.6929782629013062,0.5806666612625122,19.844829082489014,2026-01-16,0.66132545
WSM,45,0.9195282505741894,0.03651101440258984,0.027140998162598278,88.6090440755581,-0.28114123626974874,0.14132133369132155,0.10709216638210524,50.45871559633027,-0.8186801447731615,0.151510734174171,0.12344554071472696,40.182648401826484,0.12353543937206268,0.9810683131217957,0.9263965487480164,45.83890390396118,2026-01-16,-3.0355394
RCL,16,0.23216089823345853,0.16687897561754958,0.0953520354053325,71.24856815578465,-0.5184137950508774,0.10120792268603837,0.08410060064143243,54.58715596330275,0.0012781779317743158,0.14511277327292402,0.12053309764408791,40.182648401826484,0.2060551643371582,0.9838017225265503,0.7638131380081177,16.45510697364807,2026-01-16,1.3358712
NOW,17,0.4085783699214739,0.07317116767653556,0.05323773631449992,75.78706353749286,0.06805259797961516,0.07446932434462303,0.06321641983232493,73.39449541284404,-1.4734730161396858,0.17304431336692833,0.15551834133000872,40.182648401826484,0.18513895571231842,0.6788461804389954,0.5904911160469055,50.605488538742065,2026-01-16,12.19492
KR,17,0.43803790021719136,0.06102422439516407,0.04594351311024333,74.47052089295936,-0.10817057780170192,0.05295763086053788,0.041124987846190265,64.0552995391705,-0.9007804091522567,0.07012708198882524,0.05957189521158519,40.182648401826484,0.16585201025009155,0.8774601817131042,0.5251771807670593,23.364160299301147,2026-01-16,2.9083729
HIG,16,0.08242272002772433,0.08096124007801904,0.04854896789126032,65.4836863194047,-0.1689387469375765,0.05306875994860512,0.041331176198279855,61.46788990825688,-0.37473810153262566,0.05845579545067164,0.04967586868924003,39.908256880733944,0.22693489491939545,0.8868377208709717,0.7683945894241333,19.281306505203247,2026-01-16,2.578342
NEM,16,0.31608285403499237,0.07693074888053421,0.05866228816796188,68.04123711340206,-0.3953203146682087,0.12955132241743922,0.11451855393225438,42.6605504587156,-1.6977801128533625,0.1310093933471333,0.10889219967987254,39.726027397260275,0.1960517168045044,1.3834984302520752,1.1950361728668213,19.412343978881836,2026-01-16,4.9933553
ADP,19,0.4607890029181023,0.05078305155283157,0.035086918490048545,73.3676975945017,-0.6460057410434534,0.04797050745677265,0.03679021789586166,55.5045871559633,-0.4516163762305365,0.06068534968010661,0.049503768309962705,39.726027397260275,0.16430968046188354,0.8844007253646851,0.7106285691261292,14.895984411239624,2026-01-16,9.978437
PTC,38,0.9300022077766725,0.025882788333434964,0.01946802208856964,92.32970807097882,-1.49007902400774,0.0915495518237122,0.06953721724094583,51.37614678899083,-0.7098755631640881,0.12117831659620804,0.09247123895434302,38.99082568807339,0.13254137337207794,0.8513853549957275,0.792360782623291,37.860738039016724,2026-01-16,-2.5072575
ZBH,17,0.4263359942864673,0.065906655134092,0.04493614693855213,72.00915855752719,-0.3738755551332411,0.0542199315575143,0.04591746244613156,48.62385321100918,-0.4160978260597943,0.08368946252269828,0.07081936158816783,38.81278538812785,0.1718834787607193,0.763318657875061,0.6209805011749268,14.395453214645386,2026-01-16,1.7246127
FFIV,26,0.8708089470045092,0.030111767831301744,0.023148795709770253,88.66628506010304,-0.3127071615546624,0.08252863012809701,0.06535647595453302,65.59633027522935,-0.8281157997467672,0.1488156271728953,0.11260937754333458,38.81278538812785,0.11653896421194077,0.8715410828590393,0.7286569476127625,17.971108198165894,2026-01-16,4.5727134
CHD,18,0.5247021679188613,0.04080694694291277,0.03098245650431577,76.73352435530086,-0.4537103056149523,0.04661740393323297,0.03772527692162163,50.917431192660544,-3.3444415044786613,0.10024268929058318,0.08408787043338538,38.35616438356164,0.16755831241607666,0.8386066555976868,0.6124504804611206,19.82696294784546,2026-01-16,11.094105
USB,19,0.6405120975804581,0.054283412585651246,0.04059600840154546,71.64948453608247,-0.12199537083169965,0.06632235391634289,0.05529005831670674,55.76036866359447,-1.6985576351706784,0.1259817518772385,0.09711410227637612,38.35616438356164,0.17953555285930634,0.9052047729492188,0.7359951138496399,19.226954698562622,2026-01-16,-2.706629
FDX,27,0.9036892679047877,0.03198984916716791,0.024010649220056534,90.440755580996,0.30038754154649816,0.0676893476290796,0.057959446069873626,65.59633027522935,-2.6017640274680955,0.1468018862589054,0.11552706731098347,37.89954337899543,0.13979758322238922,0.49940988421440125,0.4617788791656494,22.053053855895996,2026-01-16,-3.0200243
CPRT,18,0.47954944631102525,0.06109774928104578,0.04270407824632319,77.77777777777779,-0.27447675663320936,0.07123284356690252,0.05668565929724352,55.29953917050692,-1.5365671071751152,0.13389715925124424,0.10731916647346326,37.61467889908257,0.1723822057247162,1.0230458974838257,0.6914172172546387,20.78333592414856,2026-01-16,7.4186563
POOL,22,0.77210115235919,0.03921313731393395,0.029016354941664522,86.54066437571592,-0.6575980558928363,0.09356549804024195,0.07584943705195389,57.3394495412844,-2.1253054804802396,0.1323566795065377,0.10651476289089151,37.44292237442922,0.15237757563591003,1.0057575702667236,0.8461900353431702,21.253378868103027,2026-01-16,6.682706
TFC,17,0.3418385178617238,0.08385850354678424,0.05415777889134469,72.49283667621776,0.08114791166353441,0.06441536259992228,0.05140247240039338,65.59633027522935,-0.5769725457098809,0.10451248357588709,0.0848578743220122,37.44292237442922,0.19746242463588715,0.8047364354133606,0.5890993475914001,17.67321753501892,2026-01-16,-1.5246391
LOW,18,0.6450290100383915,0.05451790301794625,0.038239698240494,82.35967926689575,0.26895703857579345,0.05134594359651905,0.04127601319553358,68.34862385321101,-0.40240042991534164,0.08369056194380765,0.07073858004179627,37.44292237442922,0.1466360092163086,0.5709357857704163,0.3579976260662079,24.66076946258545,2026-01-16,2.837944
AMD,16,0.22147420135478335,0.1356640956871856,0.10476068337648156,66.38029782359679,-0.5991190921560081,0.13349767038450247,0.10784925924039658,48.62385321100918,-0.12299164046828714,0.18241775484277206,0.15683155117700315,36.986301369863014,0.13047751784324646,0.8294785022735596,0.6378650665283203,19.26117992401123,2026-01-16,-6.8535566
WDAY,16,0.16122198005289146,0.09265403303357678,0.06937845749233783,62.85060103033773,-0.8433460227897298,0.12043283166397689,0.09411130148945127,44.03669724770643,-1.0984282937660228,0.10633597265626099,0.09003858802989534,36.69724770642202,0.1856393665075302,1.2290948629379272,0.8603538274765015,19.63599920272827,2026-01-16,0.45756102
PG,16,0.185448574770807,0.044714567533723534,0.03372426708339269,68.32760595647194,-0.4630458752459432,0.04332895826328057,0.03576501260027101,44.95412844036697,-1.4677495838480397,0.04742544624901771,0.03984013659770358,36.5296803652968,0.17392076551914215,0.7331722974777222,0.581986129283905,18.137710332870483,2026-01-16,2.1414757
OKE,16,0.12365361879696146,0.14822737520598558,0.06882045305158807,64.51058958214081,-0.31035018016309945,0.07608697672588557,0.06042163896582878,15.59633027522936,-2.4025788171341262,0.11673321560927291,0.10252914104576322,36.5296803652968,0.28684374690055847,1.7518455982208252,0.8244792819023132,19.827954530715942,2026-01-16,4.432738
NI,16,0.16910074733966196,0.05343406882640659,0.03749947107182761,72.74813539873782,-1.5984752531965594,0.06017710727605958,0.05179625592388797,28.899082568807337,-0.32488140072694227,0.0424230005507632,0.0344197407734973,36.5296803652968,0.1839081346988678,1.2305715084075928,1.1202961206436157,17.5825457572937,2026-01-16,-1.5344977
MELI,16,0.30258520787521237,0.12041306065598668,0.09279083004152519,71.55123068116772,-0.3926041112831371,0.11977610325575994,0.10442351914904575,51.8348623853211,-0.5774676785836095,0.10825195727104879,0.0944709678670103,36.5296803652968,0.13540154695510864,0.9261980056762695,0.7464022636413574,55.57795000076294,2026-01-16,4.618883
AMP,16,0.10325629761089827,0.09456697752460255,0.06453925433045556,67.41122565864835,-0.12865726767447572,0.06538177748896563,0.054749398933450634,58.71559633027523,-0.19272545639471028,0.06958061294232878,0.0577042179754293,36.07305936073059,0.1859583854675293,0.9282000064849854,0.6988129019737244,17.421077489852905,2026-01-16,-0.5669117
CAG,25,0.8897517343580037,0.02635617149583152,0.020096205938453442,87.32071141709696,-0.03781456528803062,0.05651971522888763,0.0469548630712922,69.26605504587155,-2.0228748744212797,0.08839395615909416,0.07719341188255846,35.15981735159817,0.15104974806308746,0.6201887130737305,0.5323308110237122,25.5042405128479,2026-01-16,6.5521717
MMC,17,0.39294827217776096,0.04577243629528903,0.02928878871982661,78.00687285223368,-0.07726584802970193,0.039871774377070054,0.029226196074772486,61.46788990825688,-3.5116341882978626,0.0986297173712018,0.08587501411351521,35.15981735159817,0.18311156332492828,0.775128960609436,0.5246076583862305,49.17228388786316,2026-01-16,8.589673
SCHW,25,0.8156417598504155,0.04484923134751949,0.03291409166328794,85.16609392898053,-0.8164587363339877,0.11661495912976874,0.08984392632773605,63.30275229357798,-1.540669597255342,0.0903688793088136,0.07116031339719882,35.15981735159817,0.14045275747776031,0.8990699648857117,0.7812451124191284,23.976189374923706,2026-01-16,2.3468137
T,16,0.3254522275394468,0.05327621657197783,0.03912504725680277,70.73310423825887,-1.3874841334933303,0.07530888419668089,0.05620228006979383,68.34862385321101,-1.3108368395876018,0.07457089105552192,0.06282865051408235,34.70319634703196,0.18080560863018036,1.0881130695343018,0.7262772917747498,16.195252656936646,2026-01-16,1.1526823
KKR,17,0.39610122021090466,0.0762935054721985,0.054507658323533256,76.60550458715596,0.14298902117283196,0.07729029330582164,0.058890384692816614,74.31192660550458,-0.729176246419929,0.1514759689352249,0.1259519502377849,33.789954337899545,0.15720346570014954,0.8800589442253113,0.5710586309432983,25.298834562301636,2026-01-16,1.5945077
KVUE,21,0.9136163372828716,0.02665937077087125,0.020267913649941943,91.81494661921708,-0.20592148506690888,0.11525971352329699,0.09575124357446774,68.57142857142857,-5.287796579247429,0.15334875836874384,0.15059203950914915,33.33333333333333,0.09887111932039261,0.8715429306030273,0.6991171836853027,9.943982601165771,2026-01-16,-11.68983
WBD,19,0.6042866487725846,0.09151263736714015,0.06622613355046185,80.65442020665901,-0.36238114153521694,0.140570022394624,0.1158526134736719,46.2962962962963,-1.9559162186929901,0.3137492408862367,0.2648933153167502,32.87671232876712,0.15757040679454803,1.2467014789581299,0.9407123327255249,19.89708971977234,2026-01-16,-28.975695
SBAC,17,0.45292685738087857,0.055060960673263444,0.0425103220498592,74.79954180985109,-0.527954636229039,0.08706060965406187,0.07311199697089571,44.03669724770643,-1.0484361099608508,0.07473176986567852,0.0596220618865905,32.87671232876712,0.14724640548229218,1.2260363101959229,0.9031572937965393,18.62488627433777,2026-01-16,-4.525632
GDDY,23,0.7958362680235227,0.042133169794436244,0.031808237383842586,85.05154639175258,0.11959702769079106,0.0755176036634473,0.05769595184008876,77.52293577981652,-1.4370028647648816,0.10759059164165874,0.0916724170713483,29.68036529680365,0.14455546438694,0.9329389333724976,0.54124516248703,15.25450611114502,2026-01-16,6.3616037
